Date,Amount
16.10.2007,50
17.10.2007,25
17.10.2007,50
17.10.2007,100
17.10.2007,75
17.10.2007,75
17.10.2007,75
17.10.2007,50
17.10.2007,75
18.10.2007,100
18.10.2007,100
18.10.2007,100
18.10.2007,100
18.10.2007,75
18.10.2007,75
19.10.2007,25
19.10.2007,25
19.10.2007,50
19.10.2007,100
19.10.2007,75
19.10.2007,75
20.10.2007,75
20.10.2007,25
21.10.2007,75
22.10.2007,100
22.10.2007,75
22.10.2007,50
22.10.2007,50
23.10.2007,50
23.10.2007,50
23.10.2007,100
23.10.2007,50
23.10.2007,75
23.10.2007,100
23.10.2007,25
23.10.2007,50
24.10.2007,50
25.10.2007,50
25.10.2007,75
25.10.2007,100
25.10.2007,50
25.10.2007,75
25.10.2007,100
25.10.2007,25
25.10.2007,100
25.10.2007,25
25.10.2007,50
25.10.2007,75
26.10.2007,50
26.10.2007,25
26.10.2007,25
26.10.2007,100
26.10.2007,25
26.10.2007,75
26.10.2007,50
27.10.2007,100
28.10.2007,100
29.10.2007,50
29.10.2007,50
29.10.2007,75
29.10.2007,75
29.10.2007,75
29.10.2007,100
29.10.2007,50
29.10.2007,75
29.10.2007,100
29.10.2007,75
29.10.2007,75
29.10.2007,50
29.10.2007,75
29.10.2007,25
29.10.2007,75
29.10.2007,75
30.10.2007,25
30.10.2007,25
30.10.2007,50
30.10.2007,75
30.10.2007,50
30.10.2007,25
30.10.2007,75
30.10.2007,100
30.10.2007,75
30.10.2007,50
30.10.2007,25
30.10.2007,50
31.10.2007,75
31.10.2007,50
31.10.2007,25
31.10.2007,50
31.10.2007,25
31.10.2007,75
31.10.2007,100
31.10.2007,100
31.10.2007,75
31.10.2007,50
31.10.2007,50
31.10.2007,75
31.10.2007,100
31.10.2007,100
01.11.2007,25
01.11.2007,75
01.11.2007,75
01.11.2007,25
01.11.2007,75
01.11.2007,75
01.11.2007,100
01.11.2007,50
01.11.2007,75
02.11.2007,50
02.11.2007,50
02.11.2007,100
04.11.2007,25
04.11.2007,50
05.11.2007,75
05.11.2007,75
05.11.2007,50
05.11.2007,75
05.11.2007,50
05.11.2007,100
05.11.2007,50
05.11.2007,50
05.11.2007,75
05.11.2007,75
05.11.2007,75
05.11.2007,50
05.11.2007,50
06.11.2007,75
06.11.2007,25
06.11.2007,75
06.11.2007,100
06.11.2007,50
06.11.2007,25
06.11.2007,100
06.11.2007,25
06.11.2007,100
06.11.2007,50
06.11.2007,75
06.11.2007,25
06.11.2007,50
06.11.2007,50
06.11.2007,50
06.11.2007,100
06.11.2007,50
06.11.2007,25
06.11.2007,100
06.11.2007,75
07.11.2007,50
07.11.2007,50
07.11.2007,25
07.11.2007,50
07.11.2007,100
07.11.2007,50
07.11.2007,50
07.11.2007,50
07.11.2007,50
07.11.2007,75
07.11.2007,75
08.11.2007,50
08.11.2007,75
08.11.2007,75
08.11.2007,100
08.11.2007,25
08.11.2007,50
08.11.2007,75
08.11.2007,25
09.11.2007,100
09.11.2007,25
09.11.2007,50
09.11.2007,50
09.11.2007,50
09.11.2007,50
09.11.2007,50
09.11.2007,100
09.11.2007,100
09.11.2007,50
09.11.2007,75
09.11.2007,50
09.11.2007,50
09.11.2007,75
11.11.2007,75
11.11.2007,50
11.11.2007,50
12.11.2007,75
12.11.2007,50
12.11.2007,75
12.11.2007,75
12.11.2007,50
12.11.2007,100
12.11.2007,50
12.11.2007,75
12.11.2007,25
12.11.2007,25
12.11.2007,100
12.11.2007,50
13.11.2007,75
13.11.2007,50
13.11.2007,75
13.11.2007,75
13.11.2007,50
13.11.2007,50
13.11.2007,75
13.11.2007,50
13.11.2007,50
13.11.2007,50
13.11.2007,50
13.11.2007,50
13.11.2007,75
13.11.2007,75
13.11.2007,75
13.11.2007,75
13.11.2007,100
14.11.2007,100
14.11.2007,100
14.11.2007,100
14.11.2007,25
14.11.2007,50
14.11.2007,75
14.11.2007,100
14.11.2007,25
14.11.2007,75
14.11.2007,50
15.11.2007,75
15.11.2007,75
15.11.2007,75
15.11.2007,100
15.11.2007,75
15.11.2007,25
15.11.2007,100
15.11.2007,75
15.11.2007,75
15.11.2007,75
15.11.2007,50
15.11.2007,75
15.11.2007,50
15.11.2007,50
16.11.2007,100
16.11.2007,50
16.11.2007,75
16.11.2007,100
16.11.2007,75
16.11.2007,25
16.11.2007,50
16.11.2007,100
17.11.2007,25
18.11.2007,100
18.11.2007,75
19.11.2007,25
19.11.2007,100
19.11.2007,75
19.11.2007,75
19.11.2007,50
19.11.2007,75
19.11.2007,50
19.11.2007,50
19.11.2007,50
19.11.2007,75
20.11.2007,25
20.11.2007,75
20.11.2007,50
20.11.2007,75
20.11.2007,75
20.11.2007,50
20.11.2007,75
21.11.2007,100
21.11.2007,75
21.11.2007,75
21.11.2007,50
21.11.2007,75
21.11.2007,50
21.11.2007,75
21.11.2007,100
21.11.2007,50
21.11.2007,50
21.11.2007,50
21.11.2007,50
21.11.2007,100
21.11.2007,75
21.11.2007,100
21.11.2007,75
21.11.2007,75
22.11.2007,100
22.11.2007,75
22.11.2007,25
22.11.2007,75
23.11.2007,25
23.11.2007,50
23.11.2007,50
23.11.2007,75
23.11.2007,50
23.11.2007,75
23.11.2007,100
24.11.2007,100
25.11.2007,25
26.11.2007,75
26.11.2007,50
26.11.2007,50
26.11.2007,75
26.11.2007,75
26.11.2007,100
26.11.2007,25
26.11.2007,50
26.11.2007,25
26.11.2007,50
26.11.2007,100
27.11.2007,25
27.11.2007,100
27.11.2007,50
27.11.2007,50
27.11.2007,100
27.11.2007,25
27.11.2007,25
27.11.2007,25
27.11.2007,75
27.11.2007,25
27.11.2007,75
27.11.2007,25
27.11.2007,50
27.11.2007,25
27.11.2007,50
27.11.2007,25
27.11.2007,100
27.11.2007,75
27.11.2007,50
27.11.2007,75
27.11.2007,50
27.11.2007,50
27.11.2007,25
27.11.2007,75
27.11.2007,100
27.11.2007,50
27.11.2007,75
27.11.2007,25
27.11.2007,50
28.11.2007,50
28.11.2007,75
28.11.2007,25
28.11.2007,50
28.11.2007,50
28.11.2007,25
28.11.2007,75
28.11.2007,50
29.11.2007,100
29.11.2007,75
29.11.2007,50
29.11.2007,100
29.11.2007,75
29.11.2007,25
29.11.2007,75
29.11.2007,75
29.11.2007,75
29.11.2007,50
29.11.2007,50
29.11.2007,75
29.11.2007,25
29.11.2007,100
29.11.2007,100
29.11.2007,50
29.11.2007,100
29.11.2007,75
30.11.2007,50
30.11.2007,50
30.11.2007,75
30.11.2007,50
30.11.2007,75
30.11.2007,25
30.11.2007,25
30.11.2007,75
30.11.2007,25
30.11.2007,50
30.11.2007,75
30.11.2007,75
30.11.2007,75
30.11.2007,50
30.11.2007,75
30.11.2007,100
30.11.2007,25
30.11.2007,50
30.11.2007,50
30.11.2007,50
01.12.2007,75
01.12.2007,50
01.12.2007,75
01.12.2007,50
01.12.2007,100
02.12.2007,100
02.12.2007,75
02.12.2007,50
02.12.2007,50
02.12.2007,25
03.12.2007,50
03.12.2007,50
03.12.2007,50
03.12.2007,75
03.12.2007,25
03.12.2007,75
03.12.2007,50
03.12.2007,100
03.12.2007,100
03.12.2007,50
03.12.2007,25
03.12.2007,50
03.12.2007,100
03.12.2007,100
03.12.2007,75
03.12.2007,75
03.12.2007,25
03.12.2007,75
03.12.2007,75
04.12.2007,50
04.12.2007,75
04.12.2007,75
04.12.2007,50
04.12.2007,25
04.12.2007,75
04.12.2007,50
04.12.2007,50
04.12.2007,25
04.12.2007,100
04.12.2007,50
04.12.2007,75
04.12.2007,100
04.12.2007,75
04.12.2007,75
04.12.2007,100
04.12.2007,75
04.12.2007,75
04.12.2007,75
04.12.2007,25
04.12.2007,100
04.12.2007,25
04.12.2007,75
04.12.2007,25
04.12.2007,50
04.12.2007,50
05.12.2007,25
05.12.2007,25
05.12.2007,75
05.12.2007,50
05.12.2007,50
05.12.2007,100
05.12.2007,50
05.12.2007,25
05.12.2007,50
05.12.2007,100
05.12.2007,75
05.12.2007,75
05.12.2007,75
05.12.2007,50
05.12.2007,50
05.12.2007,50
05.12.2007,50
05.12.2007,50
05.12.2007,50
05.12.2007,75
05.12.2007,75
05.12.2007,50
05.12.2007,75
05.12.2007,100
06.12.2007,50
06.12.2007,100
06.12.2007,75
06.12.2007,75
06.12.2007,75
06.12.2007,75
06.12.2007,25
06.12.2007,50
06.12.2007,100
06.12.2007,75
06.12.2007,75
06.12.2007,100
06.12.2007,75
06.12.2007,25
06.12.2007,50
06.12.2007,75
06.12.2007,50
06.12.2007,100
06.12.2007,50
06.12.2007,50
06.12.2007,25
06.12.2007,100
06.12.2007,75
06.12.2007,100
06.12.2007,50
07.12.2007,75
07.12.2007,50
07.12.2007,75
07.12.2007,75
07.12.2007,75
07.12.2007,50
07.12.2007,50
07.12.2007,25
07.12.2007,25
07.12.2007,75
07.12.2007,50
07.12.2007,50
07.12.2007,50
07.12.2007,50
07.12.2007,50
07.12.2007,50
07.12.2007,75
07.12.2007,75
08.12.2007,50
08.12.2007,25
08.12.2007,75
09.12.2007,100
09.12.2007,75
09.12.2007,75
09.12.2007,75
09.12.2007,25
09.12.2007,50
09.12.2007,25
10.12.2007,100
10.12.2007,75
10.12.2007,75
10.12.2007,100
10.12.2007,50
10.12.2007,75
10.12.2007,50
10.12.2007,50
10.12.2007,75
10.12.2007,75
10.12.2007,50
10.12.2007,75
10.12.2007,100
10.12.2007,50
10.12.2007,75
10.12.2007,25
10.12.2007,50
10.12.2007,50
10.12.2007,50
10.12.2007,100
10.12.2007,25
10.12.2007,100
10.12.2007,50
11.12.2007,100
11.12.2007,75
11.12.2007,100
11.12.2007,100
11.12.2007,75
11.12.2007,50
11.12.2007,75
11.12.2007,25
11.12.2007,75
11.12.2007,75
11.12.2007,75
11.12.2007,25
11.12.2007,25
11.12.2007,50
11.12.2007,50
11.12.2007,100
11.12.2007,50
11.12.2007,100
11.12.2007,75
11.12.2007,25
11.12.2007,25
11.12.2007,50
11.12.2007,25
11.12.2007,75
11.12.2007,100
11.12.2007,100
11.12.2007,100
11.12.2007,50
11.12.2007,50
11.12.2007,100
11.12.2007,50
11.12.2007,25
12.12.2007,50
12.12.2007,100
12.12.2007,25
12.12.2007,75
12.12.2007,50
12.12.2007,75
12.12.2007,75
12.12.2007,50
12.12.2007,100
12.12.2007,50
12.12.2007,50
12.12.2007,75
12.12.2007,50
12.12.2007,25
12.12.2007,25
12.12.2007,50
12.12.2007,50
12.12.2007,50
12.12.2007,25
12.12.2007,75
12.12.2007,75
12.12.2007,50
12.12.2007,50
13.12.2007,25
13.12.2007,75
13.12.2007,25
13.12.2007,50
13.12.2007,75
13.12.2007,50
13.12.2007,50
13.12.2007,25
13.12.2007,100
13.12.2007,25
13.12.2007,50
13.12.2007,75
13.12.2007,75
13.12.2007,100
13.12.2007,25
13.12.2007,75
13.12.2007,75
13.12.2007,50
13.12.2007,50
13.12.2007,25
13.12.2007,50
13.12.2007,100
13.12.2007,75
13.12.2007,75
13.12.2007,50
13.12.2007,75
14.12.2007,75
14.12.2007,25
14.12.2007,75
14.12.2007,50
14.12.2007,100
14.12.2007,50
14.12.2007,75
14.12.2007,75
14.12.2007,100
14.12.2007,100
14.12.2007,50
14.12.2007,75
14.12.2007,100
14.12.2007,100
14.12.2007,50
14.12.2007,100
14.12.2007,25
14.12.2007,75
14.12.2007,25
14.12.2007,100
14.12.2007,50
14.12.2007,100
14.12.2007,25
14.12.2007,50
14.12.2007,100
14.12.2007,50
14.12.2007,100
15.12.2007,100
15.12.2007,75
16.12.2007,50
16.12.2007,75
16.12.2007,25
16.12.2007,50
16.12.2007,50
16.12.2007,50
16.12.2007,75
17.12.2007,75
17.12.2007,50
17.12.2007,75
17.12.2007,75
17.12.2007,100
17.12.2007,25
17.12.2007,75
17.12.2007,75
17.12.2007,75
17.12.2007,100
17.12.2007,75
17.12.2007,50
17.12.2007,100
17.12.2007,50
17.12.2007,75
17.12.2007,100
17.12.2007,50
17.12.2007,75
17.12.2007,100
17.12.2007,100
17.12.2007,50
17.12.2007,100
17.12.2007,50
17.12.2007,100
17.12.2007,75
17.12.2007,25
17.12.2007,75
17.12.2007,25
17.12.2007,100
17.12.2007,50
17.12.2007,75
17.12.2007,50
17.12.2007,50
17.12.2007,100
17.12.2007,50
17.12.2007,50
17.12.2007,50
17.12.2007,75
17.12.2007,50
17.12.2007,25
17.12.2007,75
18.12.2007,100
18.12.2007,100
18.12.2007,75
18.12.2007,50
18.12.2007,50
18.12.2007,100
18.12.2007,25
18.12.2007,25
18.12.2007,50
18.12.2007,75
18.12.2007,50
18.12.2007,75
18.12.2007,75
18.12.2007,75
18.12.2007,50
18.12.2007,25
18.12.2007,75
18.12.2007,100
18.12.2007,50
19.12.2007,50
19.12.2007,50
19.12.2007,75
19.12.2007,75
19.12.2007,50
19.12.2007,75
19.12.2007,75
19.12.2007,50
19.12.2007,75
19.12.2007,50
19.12.2007,75
19.12.2007,100
19.12.2007,75
19.12.2007,25
19.12.2007,75
19.12.2007,25
19.12.2007,75
19.12.2007,50
19.12.2007,75
19.12.2007,50
19.12.2007,75
19.12.2007,100
19.12.2007,50
19.12.2007,75
19.12.2007,50
19.12.2007,75
19.12.2007,75
19.12.2007,50
19.12.2007,75
19.12.2007,75
19.12.2007,25
19.12.2007,100
19.12.2007,75
19.12.2007,75
19.12.2007,50
19.12.2007,50
19.12.2007,100
20.12.2007,75
20.12.2007,100
20.12.2007,50
20.12.2007,100
20.12.2007,25
20.12.2007,75
20.12.2007,75
20.12.2007,50
20.12.2007,50
20.12.2007,50
20.12.2007,50
20.12.2007,50
20.12.2007,25
20.12.2007,50
20.12.2007,25
20.12.2007,25
20.12.2007,25
20.12.2007,75
20.12.2007,75
20.12.2007,25
20.12.2007,50
20.12.2007,75
20.12.2007,50
20.12.2007,75
20.12.2007,75
20.12.2007,75
20.12.2007,75
20.12.2007,100
21.12.2007,25
21.12.2007,25
21.12.2007,75
21.12.2007,75
21.12.2007,50
21.12.2007,75
21.12.2007,100
21.12.2007,50
21.12.2007,100
21.12.2007,50
21.12.2007,75
21.12.2007,25
21.12.2007,50
21.12.2007,50
21.12.2007,75
21.12.2007,25
21.12.2007,50
21.12.2007,100
21.12.2007,50
21.12.2007,75
21.12.2007,100
21.12.2007,75
21.12.2007,75
21.12.2007,25
22.12.2007,75
22.12.2007,75
22.12.2007,50
22.12.2007,75
23.12.2007,25
23.12.2007,100
23.12.2007,75
23.12.2007,50
23.12.2007,75
23.12.2007,50
23.12.2007,25
24.12.2007,75
24.12.2007,25
24.12.2007,25
24.12.2007,25
25.12.2007,100
25.12.2007,100
25.12.2007,100
25.12.2007,50
25.12.2007,50
25.12.2007,75
25.12.2007,75
25.12.2007,50
25.12.2007,75
25.12.2007,50
25.12.2007,100
25.12.2007,75
25.12.2007,75
25.12.2007,100
25.12.2007,75
26.12.2007,75
26.12.2007,100
26.12.2007,75
26.12.2007,50
26.12.2007,50
26.12.2007,75
26.12.2007,50
26.12.2007,50
26.12.2007,100
26.12.2007,100
26.12.2007,50
26.12.2007,100
27.12.2007,75
27.12.2007,50
27.12.2007,75
27.12.2007,100
27.12.2007,50
27.12.2007,100
27.12.2007,25
27.12.2007,75
28.12.2007,75
28.12.2007,50
28.12.2007,25
28.12.2007,50
28.12.2007,100
28.12.2007,50
28.12.2007,50
28.12.2007,75
28.12.2007,50
28.12.2007,50
28.12.2007,50
28.12.2007,50
28.12.2007,100
28.12.2007,50
28.12.2007,50
29.12.2007,50
29.12.2007,25
30.12.2007,100
30.12.2007,50
30.12.2007,50
30.12.2007,50
30.12.2007,25
30.12.2007,50
30.12.2007,75
30.12.2007,50
30.12.2007,25
30.12.2007,100
30.12.2007,25
30.12.2007,50
31.12.2007,75
31.12.2007,75
31.12.2007,75
31.12.2007,50
31.12.2007,50
01.01.2008,25
01.01.2008,50
01.01.2008,25
01.01.2008,100
01.01.2008,75
01.01.2008,50
02.01.2008,25
02.01.2008,50
02.01.2008,25
02.01.2008,100
02.01.2008,50
02.01.2008,75
02.01.2008,25
02.01.2008,50
02.01.2008,100
02.01.2008,50
02.01.2008,100
02.01.2008,100
02.01.2008,25
02.01.2008,100
02.01.2008,100
02.01.2008,100
03.01.2008,25
03.01.2008,100
03.01.2008,75
03.01.2008,50
03.01.2008,75
03.01.2008,75
03.01.2008,100
03.01.2008,75
03.01.2008,75
03.01.2008,75
03.01.2008,100
03.01.2008,75
03.01.2008,75
03.01.2008,50
04.01.2008,50
04.01.2008,50
04.01.2008,75
04.01.2008,75
04.01.2008,50
04.01.2008,50
04.01.2008,25
04.01.2008,75
04.01.2008,75
04.01.2008,75
04.01.2008,100
04.01.2008,25
04.01.2008,75
04.01.2008,100
04.01.2008,100
04.01.2008,50
04.01.2008,100
04.01.2008,25
05.01.2008,50
05.01.2008,50
05.01.2008,50
06.01.2008,25
06.01.2008,100
06.01.2008,100
06.01.2008,75
06.01.2008,75
06.01.2008,75
06.01.2008,50
06.01.2008,100
07.01.2008,75
07.01.2008,100
07.01.2008,75
07.01.2008,75
07.01.2008,50
07.01.2008,75
07.01.2008,50
07.01.2008,50
07.01.2008,75
07.01.2008,75
07.01.2008,50
07.01.2008,75
07.01.2008,25
07.01.2008,50
07.01.2008,25
07.01.2008,50
07.01.2008,100
07.01.2008,50
07.01.2008,75
07.01.2008,50
07.01.2008,50
07.01.2008,75
07.01.2008,25
07.01.2008,50
07.01.2008,50
07.01.2008,75
07.01.2008,75
07.01.2008,75
08.01.2008,25
08.01.2008,100
08.01.2008,25
08.01.2008,75
08.01.2008,25
08.01.2008,25
08.01.2008,75
08.01.2008,100
08.01.2008,75
08.01.2008,75
08.01.2008,75
08.01.2008,50
08.01.2008,50
08.01.2008,100
08.01.2008,50
08.01.2008,50
08.01.2008,100
08.01.2008,50
08.01.2008,25
08.01.2008,100
08.01.2008,75
08.01.2008,25
08.01.2008,75
08.01.2008,75
08.01.2008,75
08.01.2008,100
08.01.2008,100
08.01.2008,75
08.01.2008,25
08.01.2008,75
08.01.2008,75
08.01.2008,50
08.01.2008,75
08.01.2008,25
08.01.2008,75
08.01.2008,25
08.01.2008,50
08.01.2008,100
08.01.2008,50
08.01.2008,50
08.01.2008,75
08.01.2008,75
08.01.2008,50
08.01.2008,50
09.01.2008,100
09.01.2008,50
09.01.2008,50
09.01.2008,50
09.01.2008,50
09.01.2008,50
09.01.2008,50
09.01.2008,50
09.01.2008,25
09.01.2008,50
09.01.2008,75
09.01.2008,75
09.01.2008,25
09.01.2008,75
09.01.2008,100
09.01.2008,25
09.01.2008,75
09.01.2008,75
09.01.2008,100
09.01.2008,75
09.01.2008,50
09.01.2008,50
09.01.2008,50
09.01.2008,100
09.01.2008,100
09.01.2008,50
09.01.2008,75
09.01.2008,100
10.01.2008,100
10.01.2008,50
10.01.2008,75
10.01.2008,50
10.01.2008,100
10.01.2008,75
10.01.2008,100
10.01.2008,50
10.01.2008,75
10.01.2008,25
10.01.2008,50
10.01.2008,75
10.01.2008,50
10.01.2008,50
10.01.2008,75
10.01.2008,75
10.01.2008,25
10.01.2008,50
10.01.2008,50
10.01.2008,25
10.01.2008,50
10.01.2008,50
10.01.2008,75
10.01.2008,50
10.01.2008,75
10.01.2008,75
10.01.2008,75
10.01.2008,75
10.01.2008,75
10.01.2008,50
10.01.2008,100
11.01.2008,75
11.01.2008,25
11.01.2008,50
11.01.2008,75
11.01.2008,50
11.01.2008,100
11.01.2008,25
11.01.2008,50
11.01.2008,100
11.01.2008,25
11.01.2008,75
11.01.2008,75
11.01.2008,50
11.01.2008,25
11.01.2008,25
11.01.2008,50
11.01.2008,50
11.01.2008,25
11.01.2008,50
11.01.2008,75
11.01.2008,75
11.01.2008,25
11.01.2008,75
11.01.2008,50
11.01.2008,100
11.01.2008,50
11.01.2008,75
11.01.2008,75
12.01.2008,75
12.01.2008,25
12.01.2008,75
12.01.2008,50
13.01.2008,75
13.01.2008,50
13.01.2008,25
13.01.2008,50
13.01.2008,50
13.01.2008,100
13.01.2008,100
14.01.2008,50
14.01.2008,50
14.01.2008,100
14.01.2008,75
14.01.2008,50
14.01.2008,100
14.01.2008,75
14.01.2008,75
14.01.2008,50
14.01.2008,50
14.01.2008,75
14.01.2008,50
14.01.2008,100
14.01.2008,25
14.01.2008,75
14.01.2008,75
14.01.2008,50
14.01.2008,50
14.01.2008,50
14.01.2008,100
14.01.2008,75
14.01.2008,50
14.01.2008,50
14.01.2008,25
14.01.2008,100
14.01.2008,100
14.01.2008,75
14.01.2008,50
14.01.2008,100
14.01.2008,100
14.01.2008,25
15.01.2008,50
15.01.2008,75
15.01.2008,75
15.01.2008,25
15.01.2008,75
15.01.2008,50
15.01.2008,75
15.01.2008,75
15.01.2008,50
15.01.2008,75
15.01.2008,50
15.01.2008,100
15.01.2008,25
15.01.2008,50
15.01.2008,75
15.01.2008,50
15.01.2008,100
15.01.2008,25
15.01.2008,50
15.01.2008,50
15.01.2008,50
15.01.2008,100
15.01.2008,25
15.01.2008,100
15.01.2008,75
15.01.2008,50
15.01.2008,75
15.01.2008,75
15.01.2008,75
15.01.2008,50
15.01.2008,75
15.01.2008,100
15.01.2008,50
15.01.2008,25
15.01.2008,50
15.01.2008,75
15.01.2008,75
15.01.2008,100
15.01.2008,75
15.01.2008,75
15.01.2008,75
15.01.2008,75
15.01.2008,75
16.01.2008,50
16.01.2008,25
16.01.2008,50
16.01.2008,75
16.01.2008,75
16.01.2008,50
16.01.2008,50
16.01.2008,100
16.01.2008,50
16.01.2008,50
16.01.2008,25
16.01.2008,100
16.01.2008,25
16.01.2008,25
16.01.2008,50
16.01.2008,75
16.01.2008,50
16.01.2008,50
16.01.2008,75
16.01.2008,50
16.01.2008,100
16.01.2008,75
16.01.2008,50
16.01.2008,100
16.01.2008,75
16.01.2008,50
16.01.2008,25
16.01.2008,25
16.01.2008,75
16.01.2008,50
16.01.2008,50
16.01.2008,100
16.01.2008,50
16.01.2008,75
16.01.2008,50
16.01.2008,75
16.01.2008,50
16.01.2008,50
16.01.2008,25
16.01.2008,50
16.01.2008,50
16.01.2008,50
16.01.2008,75
16.01.2008,25
16.01.2008,25
16.01.2008,75
16.01.2008,50
17.01.2008,75
17.01.2008,50
17.01.2008,75
17.01.2008,100
17.01.2008,75
17.01.2008,75
17.01.2008,75
17.01.2008,75
17.01.2008,50
17.01.2008,75
17.01.2008,50
17.01.2008,100
17.01.2008,25
17.01.2008,50
17.01.2008,25
17.01.2008,75
17.01.2008,100
17.01.2008,50
17.01.2008,100
17.01.2008,25
17.01.2008,75
17.01.2008,50
17.01.2008,50
17.01.2008,100
17.01.2008,75
17.01.2008,50
17.01.2008,50
17.01.2008,75
17.01.2008,25
17.01.2008,75
17.01.2008,25
17.01.2008,50
17.01.2008,50
17.01.2008,25
18.01.2008,75
18.01.2008,25
18.01.2008,100
18.01.2008,75
18.01.2008,25
18.01.2008,25
18.01.2008,100
18.01.2008,75
18.01.2008,100
18.01.2008,100
18.01.2008,75
18.01.2008,50
18.01.2008,100
18.01.2008,75
18.01.2008,50
18.01.2008,50
18.01.2008,50
18.01.2008,50
18.01.2008,50
18.01.2008,100
18.01.2008,100
18.01.2008,100
18.01.2008,25
18.01.2008,25
18.01.2008,100
18.01.2008,75
18.01.2008,50
18.01.2008,75
19.01.2008,50
19.01.2008,50
19.01.2008,50
19.01.2008,50
19.01.2008,75
19.01.2008,100
19.01.2008,25
19.01.2008,25
19.01.2008,100
19.01.2008,25
19.01.2008,100
19.01.2008,100
20.01.2008,50
20.01.2008,50
20.01.2008,75
20.01.2008,100
20.01.2008,25
20.01.2008,50
20.01.2008,75
20.01.2008,50
20.01.2008,50
21.01.2008,100
21.01.2008,25
21.01.2008,50
21.01.2008,25
21.01.2008,50
21.01.2008,25
21.01.2008,75
21.01.2008,50
21.01.2008,75
21.01.2008,75
21.01.2008,75
21.01.2008,75
21.01.2008,50
21.01.2008,25
21.01.2008,50
21.01.2008,50
21.01.2008,100
21.01.2008,75
21.01.2008,75
21.01.2008,50
21.01.2008,100
21.01.2008,25
21.01.2008,50
21.01.2008,100
21.01.2008,50
21.01.2008,75
21.01.2008,50
21.01.2008,75
21.01.2008,50
21.01.2008,100
21.01.2008,50
21.01.2008,75
21.01.2008,75
21.01.2008,25
21.01.2008,75
21.01.2008,75
21.01.2008,50
21.01.2008,100
21.01.2008,25
22.01.2008,50
22.01.2008,50
22.01.2008,75
22.01.2008,75
22.01.2008,25
22.01.2008,100
22.01.2008,75
22.01.2008,25
22.01.2008,75
22.01.2008,75
22.01.2008,75
22.01.2008,75
22.01.2008,50
22.01.2008,50
22.01.2008,75
22.01.2008,75
22.01.2008,75
22.01.2008,75
22.01.2008,50
22.01.2008,75
22.01.2008,25
22.01.2008,50
22.01.2008,75
22.01.2008,75
22.01.2008,75
22.01.2008,100
22.01.2008,50
22.01.2008,25
22.01.2008,75
22.01.2008,75
22.01.2008,25
22.01.2008,50
22.01.2008,75
22.01.2008,50
22.01.2008,50
23.01.2008,100
23.01.2008,100
23.01.2008,100
23.01.2008,100
23.01.2008,100
23.01.2008,25
23.01.2008,100
23.01.2008,100
23.01.2008,75
23.01.2008,50
23.01.2008,50
23.01.2008,75
23.01.2008,25
23.01.2008,50
23.01.2008,75
23.01.2008,50
23.01.2008,50
23.01.2008,75
23.01.2008,50
23.01.2008,100
23.01.2008,100
23.01.2008,75
23.01.2008,50
23.01.2008,75
23.01.2008,75
23.01.2008,75
23.01.2008,100
23.01.2008,75
23.01.2008,50
23.01.2008,50
23.01.2008,75
23.01.2008,75
23.01.2008,75
23.01.2008,100
23.01.2008,100
23.01.2008,25
23.01.2008,75
23.01.2008,100
23.01.2008,75
23.01.2008,75
23.01.2008,75
23.01.2008,75
24.01.2008,25
24.01.2008,75
24.01.2008,75
24.01.2008,25
24.01.2008,75
24.01.2008,50
24.01.2008,75
24.01.2008,75
24.01.2008,75
24.01.2008,100
24.01.2008,75
24.01.2008,75
24.01.2008,25
24.01.2008,50
24.01.2008,50
24.01.2008,25
24.01.2008,25
24.01.2008,100
24.01.2008,100
24.01.2008,75
24.01.2008,100
24.01.2008,100
24.01.2008,50
24.01.2008,50
24.01.2008,50
24.01.2008,75
24.01.2008,25
24.01.2008,75
24.01.2008,25
24.01.2008,50
24.01.2008,75
24.01.2008,50
24.01.2008,75
24.01.2008,50
24.01.2008,75
24.01.2008,75
24.01.2008,75
24.01.2008,75
24.01.2008,100
24.01.2008,50
24.01.2008,75
24.01.2008,25
24.01.2008,75
24.01.2008,50
24.01.2008,50
24.01.2008,50
24.01.2008,75
25.01.2008,100
25.01.2008,100
25.01.2008,50
25.01.2008,75
25.01.2008,100
25.01.2008,50
25.01.2008,50
25.01.2008,25
25.01.2008,50
25.01.2008,50
25.01.2008,50
25.01.2008,50
25.01.2008,25
25.01.2008,75
25.01.2008,75
25.01.2008,100
25.01.2008,75
25.01.2008,50
25.01.2008,25
25.01.2008,75
25.01.2008,75
25.01.2008,25
25.01.2008,25
25.01.2008,50
25.01.2008,100
25.01.2008,50
25.01.2008,25
25.01.2008,50
25.01.2008,50
25.01.2008,50
25.01.2008,75
25.01.2008,75
25.01.2008,50
25.01.2008,100
25.01.2008,75
25.01.2008,75
25.01.2008,50
25.01.2008,50
25.01.2008,100
25.01.2008,50
25.01.2008,50
25.01.2008,25
25.01.2008,50
25.01.2008,25
26.01.2008,75
26.01.2008,50
26.01.2008,50
26.01.2008,75
27.01.2008,75
27.01.2008,75
27.01.2008,75
27.01.2008,50
27.01.2008,50
27.01.2008,75
27.01.2008,50
27.01.2008,50
27.01.2008,25
27.01.2008,50
28.01.2008,100
28.01.2008,100
28.01.2008,75
28.01.2008,75
28.01.2008,100
28.01.2008,100
28.01.2008,50
28.01.2008,75
28.01.2008,100
28.01.2008,50
28.01.2008,50
28.01.2008,50
28.01.2008,50
28.01.2008,50
28.01.2008,25
28.01.2008,100
28.01.2008,25
28.01.2008,50
28.01.2008,75
28.01.2008,75
28.01.2008,75
28.01.2008,50
28.01.2008,50
28.01.2008,50
28.01.2008,75
28.01.2008,75
28.01.2008,50
28.01.2008,50
28.01.2008,50
28.01.2008,25
28.01.2008,50
28.01.2008,50
28.01.2008,75
29.01.2008,75
29.01.2008,50
29.01.2008,25
29.01.2008,25
29.01.2008,50
29.01.2008,75
29.01.2008,50
29.01.2008,25
29.01.2008,50
29.01.2008,50
29.01.2008,25
29.01.2008,100
29.01.2008,25
29.01.2008,50
29.01.2008,100
29.01.2008,100
29.01.2008,75
29.01.2008,25
29.01.2008,25
29.01.2008,100
29.01.2008,75
29.01.2008,50
29.01.2008,50
29.01.2008,50
29.01.2008,50
29.01.2008,75
29.01.2008,25
29.01.2008,75
29.01.2008,50
29.01.2008,75
29.01.2008,75
29.01.2008,75
29.01.2008,50
29.01.2008,50
29.01.2008,75
29.01.2008,50
29.01.2008,50
29.01.2008,100
29.01.2008,50
29.01.2008,75
29.01.2008,50
29.01.2008,75
29.01.2008,100
30.01.2008,50
30.01.2008,75
30.01.2008,75
30.01.2008,100
30.01.2008,50
30.01.2008,25
30.01.2008,75
30.01.2008,100
30.01.2008,100
30.01.2008,50
30.01.2008,75
30.01.2008,50
30.01.2008,75
30.01.2008,75
30.01.2008,75
30.01.2008,75
30.01.2008,50
30.01.2008,75
30.01.2008,50
30.01.2008,75
30.01.2008,50
30.01.2008,75
30.01.2008,50
30.01.2008,100
30.01.2008,75
30.01.2008,50
30.01.2008,75
30.01.2008,50
30.01.2008,75
30.01.2008,25
30.01.2008,50
30.01.2008,25
30.01.2008,75
30.01.2008,75
30.01.2008,50
30.01.2008,50
30.01.2008,100
30.01.2008,50
30.01.2008,75
30.01.2008,50
30.01.2008,75
30.01.2008,50
30.01.2008,75
30.01.2008,50
30.01.2008,50
30.01.2008,75
30.01.2008,75
31.01.2008,50
31.01.2008,75
31.01.2008,50
31.01.2008,75
31.01.2008,50
31.01.2008,50
31.01.2008,25
31.01.2008,75
31.01.2008,50
31.01.2008,75
31.01.2008,25
31.01.2008,50
31.01.2008,50
31.01.2008,50
31.01.2008,75
31.01.2008,50
31.01.2008,75
31.01.2008,100
31.01.2008,75
31.01.2008,75
31.01.2008,75
31.01.2008,50
31.01.2008,50
31.01.2008,50
31.01.2008,50
31.01.2008,50
31.01.2008,75
31.01.2008,25
01.02.2008,50
01.02.2008,100
01.02.2008,50
01.02.2008,75
01.02.2008,50
01.02.2008,75
01.02.2008,25
01.02.2008,50
01.02.2008,100
01.02.2008,50
01.02.2008,50
01.02.2008,75
01.02.2008,75
01.02.2008,50
01.02.2008,50
01.02.2008,75
01.02.2008,75
01.02.2008,100
01.02.2008,25
01.02.2008,25
01.02.2008,50
01.02.2008,75
01.02.2008,100
01.02.2008,25
01.02.2008,50
01.02.2008,50
01.02.2008,100
01.02.2008,75
01.02.2008,75
02.02.2008,75
02.02.2008,75
02.02.2008,50
02.02.2008,25
02.02.2008,50
02.02.2008,50
02.02.2008,25
02.02.2008,100
02.02.2008,50
02.02.2008,75
02.02.2008,100
03.02.2008,100
03.02.2008,50
03.02.2008,25
03.02.2008,75
03.02.2008,75
03.02.2008,25
04.02.2008,50
04.02.2008,50
04.02.2008,100
04.02.2008,25
04.02.2008,75
04.02.2008,50
04.02.2008,75
04.02.2008,75
04.02.2008,50
04.02.2008,25
04.02.2008,50
04.02.2008,75
04.02.2008,75
04.02.2008,75
04.02.2008,50
05.02.2008,75
05.02.2008,75
05.02.2008,50
05.02.2008,100
05.02.2008,50
05.02.2008,50
05.02.2008,75
05.02.2008,50
05.02.2008,50
05.02.2008,75
05.02.2008,50
05.02.2008,75
05.02.2008,25
05.02.2008,75
05.02.2008,50
05.02.2008,100
05.02.2008,75
05.02.2008,75
05.02.2008,75
05.02.2008,100
05.02.2008,75
05.02.2008,25
05.02.2008,75
05.02.2008,75
05.02.2008,25
05.02.2008,25
05.02.2008,100
05.02.2008,75
05.02.2008,50
05.02.2008,100
05.02.2008,75
05.02.2008,100
06.02.2008,50
06.02.2008,75
06.02.2008,25
06.02.2008,50
06.02.2008,25
06.02.2008,100
06.02.2008,50
06.02.2008,100
06.02.2008,50
06.02.2008,50
06.02.2008,25
06.02.2008,75
06.02.2008,75
06.02.2008,100
06.02.2008,75
06.02.2008,50
06.02.2008,50
06.02.2008,50
06.02.2008,25
06.02.2008,75
06.02.2008,75
06.02.2008,50
06.02.2008,75
06.02.2008,50
06.02.2008,50
06.02.2008,50
06.02.2008,75
06.02.2008,25
06.02.2008,75
06.02.2008,100
06.02.2008,50
06.02.2008,75
06.02.2008,75
06.02.2008,25
06.02.2008,25
06.02.2008,50
06.02.2008,75
07.02.2008,75
07.02.2008,75
07.02.2008,100
07.02.2008,100
07.02.2008,75
07.02.2008,50
07.02.2008,100
07.02.2008,50
07.02.2008,100
07.02.2008,50
07.02.2008,75
07.02.2008,100
07.02.2008,75
07.02.2008,25
07.02.2008,25
07.02.2008,100
07.02.2008,75
07.02.2008,75
07.02.2008,75
07.02.2008,50
07.02.2008,50
07.02.2008,25
07.02.2008,75
07.02.2008,50
07.02.2008,75
07.02.2008,50
07.02.2008,100
07.02.2008,100
07.02.2008,75
07.02.2008,75
07.02.2008,25
07.02.2008,100
07.02.2008,100
07.02.2008,50
07.02.2008,75
08.02.2008,50
08.02.2008,50
08.02.2008,75
08.02.2008,25
08.02.2008,50
08.02.2008,75
08.02.2008,50
08.02.2008,50
08.02.2008,100
08.02.2008,50
08.02.2008,50
08.02.2008,50
08.02.2008,25
08.02.2008,75
08.02.2008,50
08.02.2008,25
08.02.2008,75
08.02.2008,75
08.02.2008,75
08.02.2008,75
08.02.2008,50
08.02.2008,75
08.02.2008,25
08.02.2008,100
08.02.2008,25
08.02.2008,75
08.02.2008,25
08.02.2008,25
09.02.2008,50
09.02.2008,50
09.02.2008,75
09.02.2008,50
09.02.2008,50
09.02.2008,100
10.02.2008,75
10.02.2008,100
10.02.2008,50
10.02.2008,50
10.02.2008,75
11.02.2008,75
11.02.2008,50
11.02.2008,25
11.02.2008,50
11.02.2008,25
11.02.2008,100
11.02.2008,100
11.02.2008,50
11.02.2008,25
11.02.2008,75
11.02.2008,50
11.02.2008,75
11.02.2008,75
11.02.2008,50
11.02.2008,75
11.02.2008,75
11.02.2008,50
11.02.2008,25
11.02.2008,75
11.02.2008,50
11.02.2008,75
11.02.2008,25
11.02.2008,75
11.02.2008,75
11.02.2008,25
11.02.2008,75
11.02.2008,75
11.02.2008,50
11.02.2008,50
12.02.2008,75
12.02.2008,50
12.02.2008,75
12.02.2008,50
12.02.2008,75
12.02.2008,50
12.02.2008,100
12.02.2008,75
12.02.2008,100
12.02.2008,50
12.02.2008,50
12.02.2008,75
12.02.2008,50
12.02.2008,50
12.02.2008,25
12.02.2008,100
12.02.2008,50
12.02.2008,50
12.02.2008,75
12.02.2008,50
12.02.2008,75
12.02.2008,50
12.02.2008,75
12.02.2008,25
12.02.2008,75
12.02.2008,75
12.02.2008,75
12.02.2008,75
12.02.2008,50
12.02.2008,100
12.02.2008,75
12.02.2008,50
12.02.2008,100
12.02.2008,25
12.02.2008,50
12.02.2008,75
12.02.2008,100
12.02.2008,75
12.02.2008,25
12.02.2008,75
13.02.2008,50
13.02.2008,50
13.02.2008,75
13.02.2008,75
13.02.2008,75
13.02.2008,25
13.02.2008,50
13.02.2008,50
13.02.2008,75
13.02.2008,100
13.02.2008,50
13.02.2008,75
13.02.2008,75
13.02.2008,25
13.02.2008,50
13.02.2008,25
13.02.2008,50
13.02.2008,25
13.02.2008,50
13.02.2008,75
13.02.2008,75
13.02.2008,75
13.02.2008,75
13.02.2008,50
13.02.2008,100
13.02.2008,25
13.02.2008,50
13.02.2008,50
13.02.2008,25
13.02.2008,25
13.02.2008,50
13.02.2008,25
13.02.2008,25
13.02.2008,50
13.02.2008,100
13.02.2008,50
14.02.2008,75
14.02.2008,25
14.02.2008,100
14.02.2008,25
14.02.2008,100
14.02.2008,100
14.02.2008,50
14.02.2008,100
14.02.2008,75
14.02.2008,25
14.02.2008,25
14.02.2008,50
14.02.2008,50
14.02.2008,75
14.02.2008,75
14.02.2008,50
14.02.2008,50
14.02.2008,50
14.02.2008,75
14.02.2008,50
14.02.2008,75
14.02.2008,50
14.02.2008,100
14.02.2008,75
14.02.2008,75
14.02.2008,25
15.02.2008,75
15.02.2008,75
15.02.2008,50
15.02.2008,100
15.02.2008,50
15.02.2008,50
15.02.2008,25
15.02.2008,100
15.02.2008,75
15.02.2008,25
15.02.2008,75
15.02.2008,25
15.02.2008,50
15.02.2008,100
15.02.2008,25
15.02.2008,100
15.02.2008,50
15.02.2008,75
15.02.2008,100
15.02.2008,75
15.02.2008,50
15.02.2008,75
15.02.2008,25
15.02.2008,25
15.02.2008,75
15.02.2008,75
15.02.2008,25
15.02.2008,75
15.02.2008,100
15.02.2008,75
15.02.2008,75
15.02.2008,25
15.02.2008,75
15.02.2008,50
15.02.2008,50
15.02.2008,50
16.02.2008,75
16.02.2008,50
16.02.2008,50
16.02.2008,25
17.02.2008,25
17.02.2008,75
17.02.2008,50
17.02.2008,50
17.02.2008,25
18.02.2008,50
18.02.2008,75
18.02.2008,100
18.02.2008,50
18.02.2008,75
18.02.2008,75
18.02.2008,75
18.02.2008,50
18.02.2008,100
18.02.2008,75
18.02.2008,75
18.02.2008,75
18.02.2008,75
18.02.2008,50
18.02.2008,75
18.02.2008,25
18.02.2008,100
18.02.2008,50
18.02.2008,100
18.02.2008,50
18.02.2008,75
18.02.2008,50
18.02.2008,75
18.02.2008,25
18.02.2008,100
18.02.2008,50
18.02.2008,100
18.02.2008,100
18.02.2008,25
18.02.2008,75
18.02.2008,25
18.02.2008,100
18.02.2008,25
18.02.2008,50
18.02.2008,100
18.02.2008,25
18.02.2008,75
18.02.2008,50
18.02.2008,75
18.02.2008,75
18.02.2008,25
18.02.2008,50
19.02.2008,75
19.02.2008,50
19.02.2008,50
19.02.2008,50
19.02.2008,75
19.02.2008,75
19.02.2008,25
19.02.2008,75
19.02.2008,75
19.02.2008,25
19.02.2008,50
19.02.2008,25
19.02.2008,50
19.02.2008,75
19.02.2008,50
19.02.2008,75
19.02.2008,75
19.02.2008,75
19.02.2008,100
19.02.2008,75
19.02.2008,75
19.02.2008,25
19.02.2008,75
19.02.2008,75
19.02.2008,50
19.02.2008,50
19.02.2008,25
19.02.2008,50
19.02.2008,50
19.02.2008,25
19.02.2008,100
19.02.2008,75
19.02.2008,50
19.02.2008,50
19.02.2008,50
19.02.2008,100
19.02.2008,75
19.02.2008,25
19.02.2008,75
19.02.2008,100
19.02.2008,75
19.02.2008,25
19.02.2008,25
19.02.2008,25
19.02.2008,50
19.02.2008,100
20.02.2008,100
20.02.2008,100
20.02.2008,25
20.02.2008,50
20.02.2008,50
20.02.2008,50
20.02.2008,75
20.02.2008,75
20.02.2008,75
20.02.2008,75
20.02.2008,75
20.02.2008,75
20.02.2008,75
20.02.2008,50
20.02.2008,25
20.02.2008,75
20.02.2008,50
20.02.2008,100
20.02.2008,50
20.02.2008,25
20.02.2008,25
20.02.2008,100
20.02.2008,50
20.02.2008,75
20.02.2008,75
20.02.2008,75
20.02.2008,50
20.02.2008,75
20.02.2008,50
20.02.2008,75
20.02.2008,75
20.02.2008,100
20.02.2008,75
20.02.2008,75
20.02.2008,50
20.02.2008,50
21.02.2008,50
21.02.2008,25
21.02.2008,25
21.02.2008,100
21.02.2008,100
21.02.2008,50
21.02.2008,50
21.02.2008,25
21.02.2008,25
21.02.2008,75
21.02.2008,75
21.02.2008,75
21.02.2008,75
21.02.2008,25
21.02.2008,50
21.02.2008,75
21.02.2008,25
21.02.2008,25
21.02.2008,25
21.02.2008,100
21.02.2008,75
21.02.2008,75
21.02.2008,75
21.02.2008,75
21.02.2008,25
21.02.2008,50
21.02.2008,50
21.02.2008,100
21.02.2008,75
21.02.2008,75
21.02.2008,25
21.02.2008,75
22.02.2008,50
22.02.2008,50
22.02.2008,25
22.02.2008,50
22.02.2008,50
22.02.2008,100
22.02.2008,50
22.02.2008,75
22.02.2008,50
22.02.2008,100
22.02.2008,25
22.02.2008,100
22.02.2008,100
22.02.2008,50
22.02.2008,50
22.02.2008,50
22.02.2008,100
22.02.2008,25
22.02.2008,100
22.02.2008,25
22.02.2008,50
22.02.2008,75
22.02.2008,100
22.02.2008,50
22.02.2008,50
22.02.2008,50
22.02.2008,25
22.02.2008,25
22.02.2008,50
22.02.2008,100
22.02.2008,50
22.02.2008,50
22.02.2008,50
22.02.2008,75
22.02.2008,75
22.02.2008,25
22.02.2008,75
22.02.2008,100
22.02.2008,50
22.02.2008,100
22.02.2008,50
22.02.2008,50
22.02.2008,50
22.02.2008,100
22.02.2008,100
23.02.2008,50
23.02.2008,25
23.02.2008,50
23.02.2008,50
23.02.2008,75
23.02.2008,100
23.02.2008,50
23.02.2008,75
24.02.2008,50
24.02.2008,75
24.02.2008,75
24.02.2008,75
24.02.2008,50
24.02.2008,50
24.02.2008,100
25.02.2008,50
25.02.2008,75
25.02.2008,25
25.02.2008,50
25.02.2008,50
25.02.2008,100
25.02.2008,50
25.02.2008,50
25.02.2008,50
25.02.2008,75
25.02.2008,100
25.02.2008,25
25.02.2008,50
25.02.2008,75
25.02.2008,50
25.02.2008,75
25.02.2008,75
25.02.2008,25
25.02.2008,50
25.02.2008,25
25.02.2008,75
25.02.2008,75
25.02.2008,75
25.02.2008,75
25.02.2008,75
25.02.2008,100
25.02.2008,50
25.02.2008,50
25.02.2008,25
25.02.2008,75
25.02.2008,25
25.02.2008,50
25.02.2008,50
25.02.2008,75
25.02.2008,25
25.02.2008,50
25.02.2008,50
25.02.2008,75
25.02.2008,100
25.02.2008,50
25.02.2008,50
25.02.2008,50
26.02.2008,75
26.02.2008,50
26.02.2008,50
26.02.2008,50
26.02.2008,50
26.02.2008,50
26.02.2008,50
26.02.2008,50
26.02.2008,100
26.02.2008,75
26.02.2008,75
26.02.2008,75
26.02.2008,75
26.02.2008,100
26.02.2008,100
26.02.2008,25
26.02.2008,75
26.02.2008,25
26.02.2008,50
26.02.2008,25
26.02.2008,50
26.02.2008,75
26.02.2008,50
26.02.2008,100
26.02.2008,100
26.02.2008,50
26.02.2008,50
26.02.2008,50
26.02.2008,75
26.02.2008,25
26.02.2008,50
26.02.2008,50
26.02.2008,75
26.02.2008,50
26.02.2008,25
26.02.2008,75
26.02.2008,50
26.02.2008,25
26.02.2008,100
26.02.2008,75
26.02.2008,100
26.02.2008,50
27.02.2008,75
27.02.2008,50
27.02.2008,75
27.02.2008,75
27.02.2008,75
27.02.2008,25
27.02.2008,50
27.02.2008,25
27.02.2008,50
27.02.2008,50
27.02.2008,25
27.02.2008,75
27.02.2008,50
27.02.2008,50
27.02.2008,50
27.02.2008,100
27.02.2008,25
27.02.2008,25
27.02.2008,75
27.02.2008,25
27.02.2008,50
27.02.2008,75
27.02.2008,75
27.02.2008,75
27.02.2008,50
27.02.2008,75
27.02.2008,50
27.02.2008,100
27.02.2008,100
27.02.2008,25
27.02.2008,75
27.02.2008,75
27.02.2008,100
27.02.2008,75
28.02.2008,100
28.02.2008,100
28.02.2008,100
28.02.2008,75
28.02.2008,50
28.02.2008,75
28.02.2008,75
28.02.2008,100
28.02.2008,50
28.02.2008,75
28.02.2008,25
28.02.2008,50
28.02.2008,50
28.02.2008,75
28.02.2008,100
28.02.2008,50
28.02.2008,50
28.02.2008,75
28.02.2008,75
28.02.2008,100
28.02.2008,100
28.02.2008,100
28.02.2008,50
28.02.2008,50
28.02.2008,50
28.02.2008,75
28.02.2008,100
28.02.2008,25
28.02.2008,100
28.02.2008,50
28.02.2008,100
29.02.2008,50
29.02.2008,50
29.02.2008,75
29.02.2008,75
29.02.2008,100
29.02.2008,50
29.02.2008,50
29.02.2008,75
29.02.2008,25
29.02.2008,75
29.02.2008,75
29.02.2008,75
29.02.2008,50
29.02.2008,75
29.02.2008,75
29.02.2008,25
29.02.2008,25
29.02.2008,75
29.02.2008,50
29.02.2008,25
29.02.2008,75
29.02.2008,75
29.02.2008,50
29.02.2008,50
29.02.2008,50
01.03.2008,75
01.03.2008,100
01.03.2008,50
01.03.2008,50
01.03.2008,25
01.03.2008,75
01.03.2008,75
01.03.2008,50
01.03.2008,75
02.03.2008,50
02.03.2008,50
02.03.2008,50
02.03.2008,75
02.03.2008,75
02.03.2008,100
02.03.2008,100
02.03.2008,75
02.03.2008,75
02.03.2008,25
02.03.2008,50
02.03.2008,25
02.03.2008,75
03.03.2008,50
03.03.2008,25
03.03.2008,50
03.03.2008,50
03.03.2008,75
03.03.2008,75
03.03.2008,75
03.03.2008,25
03.03.2008,100
03.03.2008,50
03.03.2008,50
03.03.2008,50
03.03.2008,50
03.03.2008,100
03.03.2008,75
03.03.2008,50
03.03.2008,25
03.03.2008,100
03.03.2008,100
03.03.2008,25
03.03.2008,25
03.03.2008,75
03.03.2008,100
03.03.2008,75
03.03.2008,100
03.03.2008,75
03.03.2008,75
03.03.2008,75
03.03.2008,75
03.03.2008,50
03.03.2008,75
03.03.2008,75
03.03.2008,50
03.03.2008,50
03.03.2008,100
03.03.2008,50
03.03.2008,50
03.03.2008,75
04.03.2008,75
04.03.2008,100
04.03.2008,75
04.03.2008,50
04.03.2008,50
04.03.2008,75
04.03.2008,50
04.03.2008,75
04.03.2008,50
04.03.2008,50
04.03.2008,75
04.03.2008,50
04.03.2008,50
04.03.2008,50
04.03.2008,75
04.03.2008,25
04.03.2008,75
04.03.2008,75
04.03.2008,75
04.03.2008,50
04.03.2008,50
04.03.2008,50
04.03.2008,75
04.03.2008,100
04.03.2008,50
04.03.2008,75
04.03.2008,25
04.03.2008,100
04.03.2008,50
04.03.2008,100
04.03.2008,50
04.03.2008,75
04.03.2008,25
04.03.2008,75
04.03.2008,75
04.03.2008,25
04.03.2008,50
04.03.2008,75
04.03.2008,100
04.03.2008,50
04.03.2008,75
04.03.2008,50
04.03.2008,25
04.03.2008,25
05.03.2008,50
05.03.2008,50
05.03.2008,75
05.03.2008,50
05.03.2008,50
05.03.2008,50
05.03.2008,100
05.03.2008,75
05.03.2008,75
05.03.2008,50
05.03.2008,100
05.03.2008,75
05.03.2008,75
05.03.2008,75
05.03.2008,25
05.03.2008,75
05.03.2008,75
05.03.2008,75
05.03.2008,75
05.03.2008,75
05.03.2008,100
05.03.2008,75
05.03.2008,25
05.03.2008,100
06.03.2008,75
06.03.2008,50
06.03.2008,50
06.03.2008,75
06.03.2008,75
06.03.2008,50
06.03.2008,50
06.03.2008,75
06.03.2008,75
06.03.2008,50
06.03.2008,50
06.03.2008,75
06.03.2008,50
06.03.2008,25
06.03.2008,75
06.03.2008,75
06.03.2008,75
06.03.2008,50
06.03.2008,50
06.03.2008,75
06.03.2008,25
06.03.2008,75
06.03.2008,25
06.03.2008,50
06.03.2008,50
06.03.2008,75
06.03.2008,75
06.03.2008,25
06.03.2008,25
06.03.2008,75
06.03.2008,50
06.03.2008,75
06.03.2008,25
06.03.2008,50
06.03.2008,75
06.03.2008,75
06.03.2008,50
06.03.2008,25
06.03.2008,25
06.03.2008,25
06.03.2008,25
06.03.2008,25
06.03.2008,75
06.03.2008,50
06.03.2008,100
07.03.2008,50
07.03.2008,50
07.03.2008,25
07.03.2008,75
07.03.2008,50
07.03.2008,50
07.03.2008,25
07.03.2008,100
07.03.2008,75
07.03.2008,50
07.03.2008,75
07.03.2008,100
07.03.2008,75
07.03.2008,50
07.03.2008,75
07.03.2008,50
07.03.2008,100
07.03.2008,50
07.03.2008,50
07.03.2008,75
07.03.2008,100
07.03.2008,75
07.03.2008,75
07.03.2008,100
07.03.2008,50
07.03.2008,25
07.03.2008,50
07.03.2008,75
07.03.2008,50
07.03.2008,75
07.03.2008,25
07.03.2008,75
07.03.2008,75
07.03.2008,50
07.03.2008,75
07.03.2008,50
07.03.2008,50
07.03.2008,50
07.03.2008,75
07.03.2008,100
07.03.2008,75
07.03.2008,50
07.03.2008,75
07.03.2008,75
08.03.2008,25
08.03.2008,25
08.03.2008,25
08.03.2008,75
08.03.2008,50
08.03.2008,50
08.03.2008,75
08.03.2008,100
08.03.2008,75
08.03.2008,75
08.03.2008,100
08.03.2008,50
08.03.2008,50
09.03.2008,50
09.03.2008,75
09.03.2008,50
09.03.2008,50
10.03.2008,50
10.03.2008,75
10.03.2008,100
10.03.2008,50
10.03.2008,25
10.03.2008,75
10.03.2008,25
10.03.2008,50
10.03.2008,50
10.03.2008,25
10.03.2008,50
10.03.2008,75
10.03.2008,100
10.03.2008,100
10.03.2008,100
10.03.2008,50
10.03.2008,100
10.03.2008,50
10.03.2008,75
10.03.2008,75
10.03.2008,25
10.03.2008,100
10.03.2008,75
10.03.2008,25
10.03.2008,25
10.03.2008,50
10.03.2008,50
10.03.2008,75
10.03.2008,75
10.03.2008,50
10.03.2008,25
10.03.2008,100
10.03.2008,25
10.03.2008,25
10.03.2008,50
10.03.2008,50
10.03.2008,75
10.03.2008,75
10.03.2008,50
10.03.2008,50
10.03.2008,75
11.03.2008,50
11.03.2008,50
11.03.2008,100
11.03.2008,75
11.03.2008,25
11.03.2008,50
11.03.2008,75
11.03.2008,50
11.03.2008,25
11.03.2008,75
11.03.2008,75
11.03.2008,100
11.03.2008,75
11.03.2008,75
11.03.2008,50
11.03.2008,50
11.03.2008,100
11.03.2008,75
11.03.2008,25
11.03.2008,75
11.03.2008,75
11.03.2008,75
11.03.2008,25
11.03.2008,50
11.03.2008,50
11.03.2008,25
11.03.2008,75
11.03.2008,50
11.03.2008,25
11.03.2008,100
11.03.2008,50
11.03.2008,50
11.03.2008,75
11.03.2008,50
11.03.2008,25
11.03.2008,75
11.03.2008,50
11.03.2008,50
11.03.2008,75
11.03.2008,25
11.03.2008,25
11.03.2008,100
11.03.2008,25
11.03.2008,75
11.03.2008,75
11.03.2008,100
11.03.2008,100
12.03.2008,50
12.03.2008,50
12.03.2008,75
12.03.2008,25
12.03.2008,25
12.03.2008,50
12.03.2008,75
12.03.2008,50
12.03.2008,25
12.03.2008,50
12.03.2008,50
12.03.2008,75
12.03.2008,100
12.03.2008,50
12.03.2008,25
12.03.2008,50
12.03.2008,50
12.03.2008,75
12.03.2008,50
12.03.2008,75
12.03.2008,75
12.03.2008,50
12.03.2008,50
12.03.2008,50
12.03.2008,50
12.03.2008,50
12.03.2008,25
12.03.2008,50
12.03.2008,50
12.03.2008,75
12.03.2008,75
12.03.2008,75
12.03.2008,50
12.03.2008,50
12.03.2008,75
12.03.2008,25
12.03.2008,75
12.03.2008,50
12.03.2008,25
12.03.2008,75
12.03.2008,50
12.03.2008,50
12.03.2008,75
12.03.2008,75
12.03.2008,75
12.03.2008,100
12.03.2008,50
12.03.2008,75
12.03.2008,50
12.03.2008,50
12.03.2008,100
12.03.2008,75
12.03.2008,50
12.03.2008,75
13.03.2008,50
13.03.2008,75
13.03.2008,25
13.03.2008,50
13.03.2008,75
13.03.2008,50
13.03.2008,25
13.03.2008,100
13.03.2008,50
13.03.2008,75
13.03.2008,25
13.03.2008,25
13.03.2008,50
13.03.2008,50
13.03.2008,75
13.03.2008,50
13.03.2008,50
13.03.2008,50
13.03.2008,75
13.03.2008,100
13.03.2008,75
13.03.2008,75
13.03.2008,25
13.03.2008,100
13.03.2008,50
13.03.2008,75
13.03.2008,75
13.03.2008,75
13.03.2008,25
13.03.2008,100
13.03.2008,75
13.03.2008,50
13.03.2008,50
13.03.2008,50
13.03.2008,50
13.03.2008,25
13.03.2008,50
13.03.2008,75
14.03.2008,100
14.03.2008,50
14.03.2008,75
14.03.2008,75
14.03.2008,25
14.03.2008,50
14.03.2008,50
14.03.2008,75
14.03.2008,75
14.03.2008,50
14.03.2008,50
14.03.2008,50
14.03.2008,75
14.03.2008,25
14.03.2008,75
14.03.2008,100
14.03.2008,50
14.03.2008,75
14.03.2008,75
14.03.2008,25
14.03.2008,50
14.03.2008,75
14.03.2008,100
14.03.2008,100
14.03.2008,75
14.03.2008,75
14.03.2008,50
14.03.2008,100
14.03.2008,75
14.03.2008,75
14.03.2008,75
14.03.2008,75
14.03.2008,25
15.03.2008,100
15.03.2008,50
15.03.2008,75
16.03.2008,50
16.03.2008,75
16.03.2008,25
16.03.2008,25
16.03.2008,75
16.03.2008,75
16.03.2008,100
16.03.2008,100
16.03.2008,100
16.03.2008,50
16.03.2008,75
16.03.2008,75
16.03.2008,100
16.03.2008,75
16.03.2008,50
16.03.2008,75
17.03.2008,75
17.03.2008,100
17.03.2008,50
17.03.2008,50
17.03.2008,75
17.03.2008,50
17.03.2008,25
17.03.2008,50
17.03.2008,100
17.03.2008,75
17.03.2008,100
17.03.2008,50
17.03.2008,50
17.03.2008,25
17.03.2008,25
17.03.2008,75
17.03.2008,50
17.03.2008,50
17.03.2008,75
17.03.2008,50
17.03.2008,50
17.03.2008,25
17.03.2008,50
17.03.2008,50
17.03.2008,75
17.03.2008,25
17.03.2008,75
18.03.2008,50
18.03.2008,25
18.03.2008,75
18.03.2008,75
18.03.2008,100
18.03.2008,75
18.03.2008,50
18.03.2008,75
18.03.2008,75
18.03.2008,50
18.03.2008,75
18.03.2008,50
18.03.2008,100
18.03.2008,75
18.03.2008,75
18.03.2008,25
18.03.2008,75
18.03.2008,75
18.03.2008,50
18.03.2008,75
18.03.2008,75
18.03.2008,75
18.03.2008,100
18.03.2008,75
18.03.2008,50
18.03.2008,50
18.03.2008,100
18.03.2008,50
18.03.2008,75
18.03.2008,50
18.03.2008,50
18.03.2008,50
18.03.2008,50
18.03.2008,50
18.03.2008,25
18.03.2008,100
18.03.2008,50
18.03.2008,25
18.03.2008,75
18.03.2008,100
18.03.2008,75
18.03.2008,25
18.03.2008,75
18.03.2008,100
18.03.2008,50
18.03.2008,75
18.03.2008,25
18.03.2008,75
18.03.2008,100
18.03.2008,75
19.03.2008,25
19.03.2008,75
19.03.2008,50
19.03.2008,50
19.03.2008,75
19.03.2008,75
19.03.2008,100
19.03.2008,25
19.03.2008,50
19.03.2008,50
19.03.2008,75
19.03.2008,25
19.03.2008,100
19.03.2008,50
19.03.2008,50
19.03.2008,75
19.03.2008,75
19.03.2008,50
19.03.2008,50
19.03.2008,75
19.03.2008,75
19.03.2008,25
19.03.2008,25
19.03.2008,75
19.03.2008,50
19.03.2008,50
19.03.2008,75
19.03.2008,25
19.03.2008,50
19.03.2008,75
19.03.2008,75
19.03.2008,25
19.03.2008,50
19.03.2008,50
19.03.2008,75
19.03.2008,50
19.03.2008,50
19.03.2008,75
19.03.2008,50
19.03.2008,100
20.03.2008,100
20.03.2008,100
20.03.2008,75
20.03.2008,25
20.03.2008,75
20.03.2008,25
20.03.2008,50
20.03.2008,75
20.03.2008,50
20.03.2008,25
20.03.2008,50
20.03.2008,100
20.03.2008,100
20.03.2008,75
20.03.2008,75
20.03.2008,50
20.03.2008,100
20.03.2008,50
20.03.2008,75
20.03.2008,75
20.03.2008,75
20.03.2008,75
20.03.2008,25
21.03.2008,50
21.03.2008,50
21.03.2008,50
21.03.2008,100
21.03.2008,50
21.03.2008,100
21.03.2008,75
21.03.2008,50
21.03.2008,100
21.03.2008,100
21.03.2008,25
21.03.2008,75
21.03.2008,100
21.03.2008,75
21.03.2008,100
21.03.2008,50
21.03.2008,75
21.03.2008,50
21.03.2008,50
21.03.2008,75
21.03.2008,100
21.03.2008,25
21.03.2008,75
21.03.2008,75
21.03.2008,75
21.03.2008,100
21.03.2008,50
21.03.2008,50
21.03.2008,75
21.03.2008,25
21.03.2008,100
21.03.2008,50
21.03.2008,75
22.03.2008,75
22.03.2008,100
22.03.2008,25
22.03.2008,75
22.03.2008,100
22.03.2008,75
22.03.2008,50
22.03.2008,75
23.03.2008,50
23.03.2008,25
23.03.2008,75
23.03.2008,25
23.03.2008,50
23.03.2008,50
23.03.2008,25
23.03.2008,75
23.03.2008,50
23.03.2008,75
23.03.2008,75
23.03.2008,50
23.03.2008,100
24.03.2008,75
24.03.2008,75
24.03.2008,75
24.03.2008,50
24.03.2008,75
24.03.2008,75
24.03.2008,25
24.03.2008,25
24.03.2008,75
24.03.2008,50
24.03.2008,75
24.03.2008,50
24.03.2008,25
24.03.2008,50
24.03.2008,100
24.03.2008,25
24.03.2008,50
24.03.2008,100
24.03.2008,75
24.03.2008,50
24.03.2008,75
24.03.2008,50
24.03.2008,25
24.03.2008,50
24.03.2008,50
24.03.2008,100
24.03.2008,25
25.03.2008,75
25.03.2008,25
25.03.2008,75
25.03.2008,75
25.03.2008,75
25.03.2008,100
25.03.2008,50
25.03.2008,50
25.03.2008,50
25.03.2008,50
25.03.2008,50
25.03.2008,75
25.03.2008,75
25.03.2008,75
25.03.2008,50
25.03.2008,75
25.03.2008,100
25.03.2008,75
25.03.2008,25
25.03.2008,25
25.03.2008,75
25.03.2008,25
25.03.2008,75
25.03.2008,100
25.03.2008,50
25.03.2008,75
25.03.2008,50
25.03.2008,50
25.03.2008,50
25.03.2008,25
25.03.2008,50
25.03.2008,75
25.03.2008,75
25.03.2008,75
25.03.2008,50
25.03.2008,100
26.03.2008,50
26.03.2008,25
26.03.2008,25
26.03.2008,75
26.03.2008,25
26.03.2008,100
26.03.2008,75
26.03.2008,100
26.03.2008,50
26.03.2008,50
26.03.2008,25
26.03.2008,50
26.03.2008,50
26.03.2008,75
26.03.2008,50
26.03.2008,75
26.03.2008,50
26.03.2008,25
26.03.2008,50
26.03.2008,75
26.03.2008,75
26.03.2008,50
26.03.2008,75
26.03.2008,75
26.03.2008,50
26.03.2008,75
26.03.2008,75
26.03.2008,50
26.03.2008,50
26.03.2008,50
26.03.2008,75
26.03.2008,75
26.03.2008,50
26.03.2008,75
26.03.2008,50
27.03.2008,100
27.03.2008,50
27.03.2008,75
27.03.2008,25
27.03.2008,25
27.03.2008,75
27.03.2008,75
27.03.2008,75
27.03.2008,25
27.03.2008,50
27.03.2008,50
27.03.2008,50
27.03.2008,25
27.03.2008,50
27.03.2008,50
27.03.2008,75
27.03.2008,75
27.03.2008,75
27.03.2008,25
27.03.2008,25
27.03.2008,75
27.03.2008,75
27.03.2008,50
27.03.2008,100
27.03.2008,25
27.03.2008,100
27.03.2008,100
27.03.2008,50
27.03.2008,50
27.03.2008,100
28.03.2008,100
28.03.2008,75
28.03.2008,100
28.03.2008,75
28.03.2008,25
28.03.2008,50
28.03.2008,25
28.03.2008,50
28.03.2008,75
28.03.2008,100
28.03.2008,50
28.03.2008,100
28.03.2008,75
28.03.2008,100
28.03.2008,50
28.03.2008,50
28.03.2008,25
28.03.2008,100
28.03.2008,25
28.03.2008,25
28.03.2008,100
28.03.2008,75
28.03.2008,50
28.03.2008,75
28.03.2008,75
28.03.2008,100
28.03.2008,50
29.03.2008,25
29.03.2008,50
29.03.2008,75
29.03.2008,25
30.03.2008,75
30.03.2008,75
30.03.2008,100
30.03.2008,25
30.03.2008,50
30.03.2008,75
30.03.2008,50
30.03.2008,75
30.03.2008,75
30.03.2008,75
30.03.2008,50
30.03.2008,50
30.03.2008,75
30.03.2008,75
30.03.2008,25
31.03.2008,75
31.03.2008,75
31.03.2008,25
31.03.2008,75
31.03.2008,25
31.03.2008,50
31.03.2008,50
31.03.2008,100
31.03.2008,75
31.03.2008,75
31.03.2008,25
31.03.2008,75
31.03.2008,100
31.03.2008,100
31.03.2008,50
31.03.2008,50
31.03.2008,50
31.03.2008,100
31.03.2008,50
31.03.2008,25
31.03.2008,75
31.03.2008,100
31.03.2008,25
31.03.2008,100
31.03.2008,50
31.03.2008,75
31.03.2008,50
31.03.2008,50
31.03.2008,50
31.03.2008,25
31.03.2008,100
31.03.2008,25
31.03.2008,50
31.03.2008,50
31.03.2008,75
31.03.2008,50
31.03.2008,25
01.04.2008,75
01.04.2008,75
01.04.2008,25
01.04.2008,75
01.04.2008,100
01.04.2008,75
01.04.2008,50
01.04.2008,100
01.04.2008,50
01.04.2008,75
01.04.2008,100
01.04.2008,75
01.04.2008,25
01.04.2008,50
01.04.2008,50
01.04.2008,100
01.04.2008,25
01.04.2008,25
01.04.2008,50
01.04.2008,75
01.04.2008,75
01.04.2008,25
01.04.2008,50
01.04.2008,25
01.04.2008,50
01.04.2008,25
01.04.2008,50
01.04.2008,25
01.04.2008,100
01.04.2008,25
01.04.2008,75
01.04.2008,50
01.04.2008,50
01.04.2008,100
01.04.2008,75
01.04.2008,50
01.04.2008,100
01.04.2008,100
02.04.2008,75
02.04.2008,75
02.04.2008,50
02.04.2008,25
02.04.2008,25
02.04.2008,50
02.04.2008,25
02.04.2008,100
02.04.2008,75
02.04.2008,100
02.04.2008,75
02.04.2008,75
02.04.2008,75
02.04.2008,100
02.04.2008,50
02.04.2008,50
02.04.2008,100
02.04.2008,75
02.04.2008,75
02.04.2008,50
02.04.2008,75
02.04.2008,75
02.04.2008,75
02.04.2008,50
02.04.2008,75
02.04.2008,100
02.04.2008,50
02.04.2008,75
02.04.2008,100
02.04.2008,75
02.04.2008,50
02.04.2008,75
02.04.2008,100
02.04.2008,100
02.04.2008,75
02.04.2008,25
02.04.2008,50
02.04.2008,50
03.04.2008,25
03.04.2008,25
03.04.2008,50
03.04.2008,50
03.04.2008,25
03.04.2008,50
03.04.2008,25
03.04.2008,50
03.04.2008,75
03.04.2008,75
03.04.2008,75
03.04.2008,75
03.04.2008,100
03.04.2008,25
03.04.2008,50
03.04.2008,100
03.04.2008,50
03.04.2008,25
03.04.2008,25
03.04.2008,25
03.04.2008,25
03.04.2008,25
03.04.2008,25
03.04.2008,50
03.04.2008,100
03.04.2008,75
03.04.2008,75
03.04.2008,100
03.04.2008,50
03.04.2008,75
03.04.2008,100
03.04.2008,75
03.04.2008,100
03.04.2008,75
03.04.2008,75
03.04.2008,75
03.04.2008,75
03.04.2008,50
03.04.2008,100
04.04.2008,100
04.04.2008,100
04.04.2008,50
04.04.2008,100
04.04.2008,50
04.04.2008,100
04.04.2008,75
04.04.2008,25
04.04.2008,75
04.04.2008,100
04.04.2008,75
04.04.2008,25
04.04.2008,75
04.04.2008,100
04.04.2008,75
04.04.2008,50
04.04.2008,75
04.04.2008,75
04.04.2008,50
04.04.2008,75
04.04.2008,100
04.04.2008,75
04.04.2008,75
04.04.2008,50
04.04.2008,75
04.04.2008,50
04.04.2008,75
04.04.2008,100
04.04.2008,100
04.04.2008,100
04.04.2008,100
04.04.2008,100
04.04.2008,50
04.04.2008,100
04.04.2008,75
04.04.2008,100
04.04.2008,25
04.04.2008,100
04.04.2008,50
04.04.2008,100
05.04.2008,75
05.04.2008,50
06.04.2008,100
06.04.2008,75
06.04.2008,50
06.04.2008,50
06.04.2008,75
06.04.2008,50
06.04.2008,50
06.04.2008,75
06.04.2008,100
07.04.2008,75
07.04.2008,50
07.04.2008,25
07.04.2008,25
07.04.2008,75
07.04.2008,100
07.04.2008,75
07.04.2008,50
07.04.2008,25
07.04.2008,50
07.04.2008,75
07.04.2008,75
07.04.2008,50
07.04.2008,75
07.04.2008,50
07.04.2008,100
07.04.2008,75
07.04.2008,75
07.04.2008,75
07.04.2008,50
07.04.2008,50
07.04.2008,75
07.04.2008,50
07.04.2008,75
07.04.2008,75
07.04.2008,100
07.04.2008,50
07.04.2008,50
07.04.2008,75
07.04.2008,75
07.04.2008,75
07.04.2008,100
07.04.2008,50
07.04.2008,50
07.04.2008,100
07.04.2008,75
07.04.2008,25
07.04.2008,25
07.04.2008,50
07.04.2008,75
07.04.2008,100
07.04.2008,50
07.04.2008,50
07.04.2008,100
07.04.2008,25
07.04.2008,75
07.04.2008,50
07.04.2008,50
07.04.2008,50
08.04.2008,25
08.04.2008,25
08.04.2008,100
08.04.2008,50
08.04.2008,75
08.04.2008,50
08.04.2008,75
08.04.2008,50
08.04.2008,75
08.04.2008,75
08.04.2008,50
08.04.2008,75
08.04.2008,100
08.04.2008,75
08.04.2008,50
08.04.2008,75
08.04.2008,50
08.04.2008,75
08.04.2008,100
08.04.2008,50
08.04.2008,50
08.04.2008,50
08.04.2008,25
08.04.2008,50
08.04.2008,50
08.04.2008,50
08.04.2008,100
08.04.2008,25
08.04.2008,100
08.04.2008,75
08.04.2008,25
09.04.2008,25
09.04.2008,50
09.04.2008,50
09.04.2008,75
09.04.2008,25
09.04.2008,50
09.04.2008,50
09.04.2008,100
09.04.2008,50
09.04.2008,50
09.04.2008,75
09.04.2008,50
09.04.2008,50
09.04.2008,50
09.04.2008,100
09.04.2008,75
09.04.2008,75
09.04.2008,75
09.04.2008,50
09.04.2008,75
09.04.2008,100
09.04.2008,50
09.04.2008,75
09.04.2008,25
09.04.2008,75
09.04.2008,75
09.04.2008,75
09.04.2008,50
09.04.2008,75
09.04.2008,25
09.04.2008,50
09.04.2008,50
09.04.2008,75
09.04.2008,75
09.04.2008,50
09.04.2008,50
09.04.2008,75
10.04.2008,100
10.04.2008,50
10.04.2008,75
10.04.2008,75
10.04.2008,75
10.04.2008,25
10.04.2008,50
10.04.2008,50
10.04.2008,50
10.04.2008,75
10.04.2008,75
10.04.2008,50
10.04.2008,75
10.04.2008,100
10.04.2008,100
10.04.2008,75
10.04.2008,50
10.04.2008,50
10.04.2008,50
10.04.2008,75
10.04.2008,75
10.04.2008,25
10.04.2008,75
10.04.2008,75
10.04.2008,25
10.04.2008,75
10.04.2008,75
10.04.2008,75
10.04.2008,75
10.04.2008,100
10.04.2008,25
10.04.2008,75
10.04.2008,25
10.04.2008,50
10.04.2008,75
11.04.2008,50
11.04.2008,75
11.04.2008,50
11.04.2008,50
11.04.2008,25
11.04.2008,75
11.04.2008,100
11.04.2008,50
11.04.2008,100
11.04.2008,75
11.04.2008,50
11.04.2008,50
11.04.2008,100
11.04.2008,25
11.04.2008,75
11.04.2008,50
11.04.2008,75
11.04.2008,75
11.04.2008,100
11.04.2008,25
11.04.2008,50
11.04.2008,75
11.04.2008,50
11.04.2008,100
11.04.2008,50
11.04.2008,50
11.04.2008,75
11.04.2008,25
11.04.2008,75
11.04.2008,100
11.04.2008,75
11.04.2008,50
11.04.2008,50
11.04.2008,25
11.04.2008,75
11.04.2008,75
11.04.2008,50
11.04.2008,50
11.04.2008,25
11.04.2008,25
11.04.2008,75
11.04.2008,75
12.04.2008,50
12.04.2008,25
12.04.2008,100
12.04.2008,50
12.04.2008,75
13.04.2008,25
13.04.2008,50
13.04.2008,75
13.04.2008,25
13.04.2008,50
13.04.2008,75
13.04.2008,75
13.04.2008,100
13.04.2008,50
13.04.2008,75
13.04.2008,100
13.04.2008,100
13.04.2008,100
13.04.2008,75
14.04.2008,25
14.04.2008,75
14.04.2008,25
14.04.2008,75
14.04.2008,25
14.04.2008,75
14.04.2008,75
14.04.2008,50
14.04.2008,50
14.04.2008,50
14.04.2008,25
14.04.2008,50
14.04.2008,50
14.04.2008,50
14.04.2008,50
14.04.2008,50
14.04.2008,50
14.04.2008,75
14.04.2008,50
14.04.2008,50
14.04.2008,100
14.04.2008,75
14.04.2008,75
14.04.2008,75
14.04.2008,75
14.04.2008,25
14.04.2008,75
14.04.2008,50
14.04.2008,100
14.04.2008,50
14.04.2008,50
14.04.2008,50
14.04.2008,50
14.04.2008,50
14.04.2008,75
15.04.2008,25
15.04.2008,100
15.04.2008,100
15.04.2008,50
15.04.2008,25
15.04.2008,100
15.04.2008,75
15.04.2008,50
15.04.2008,50
15.04.2008,75
15.04.2008,75
15.04.2008,50
15.04.2008,75
15.04.2008,25
15.04.2008,25
15.04.2008,50
15.04.2008,50
15.04.2008,25
15.04.2008,75
15.04.2008,50
15.04.2008,50
15.04.2008,25
15.04.2008,75
15.04.2008,75
15.04.2008,100
15.04.2008,75
15.04.2008,25
15.04.2008,50
15.04.2008,50
15.04.2008,50
15.04.2008,75
15.04.2008,75
15.04.2008,75
15.04.2008,25
15.04.2008,75
15.04.2008,50
15.04.2008,50
16.04.2008,50
16.04.2008,100
16.04.2008,75
16.04.2008,25
16.04.2008,75
16.04.2008,50
16.04.2008,75
16.04.2008,25
16.04.2008,25
16.04.2008,50
16.04.2008,75
16.04.2008,50
16.04.2008,25
16.04.2008,100
16.04.2008,75
16.04.2008,25
16.04.2008,75
16.04.2008,50
16.04.2008,100
16.04.2008,50
16.04.2008,50
16.04.2008,25
16.04.2008,50
16.04.2008,50
16.04.2008,100
16.04.2008,100
16.04.2008,100
16.04.2008,75
16.04.2008,75
16.04.2008,50
16.04.2008,100
16.04.2008,50
16.04.2008,75
16.04.2008,100
16.04.2008,50
16.04.2008,100
17.04.2008,75
17.04.2008,75
17.04.2008,100
17.04.2008,75
17.04.2008,50
17.04.2008,50
17.04.2008,100
17.04.2008,25
17.04.2008,75
17.04.2008,25
17.04.2008,50
17.04.2008,100
17.04.2008,100
17.04.2008,25
17.04.2008,50
17.04.2008,50
17.04.2008,50
17.04.2008,25
17.04.2008,25
17.04.2008,50
17.04.2008,75
17.04.2008,75
17.04.2008,50
17.04.2008,100
17.04.2008,50
17.04.2008,25
17.04.2008,100
17.04.2008,75
17.04.2008,50
17.04.2008,50
17.04.2008,25
17.04.2008,50
17.04.2008,75
17.04.2008,75
17.04.2008,75
17.04.2008,50
17.04.2008,25
17.04.2008,50
17.04.2008,100
17.04.2008,50
17.04.2008,100
17.04.2008,50
18.04.2008,75
18.04.2008,100
18.04.2008,100
18.04.2008,75
18.04.2008,75
18.04.2008,75
18.04.2008,25
18.04.2008,75
18.04.2008,25
18.04.2008,50
18.04.2008,25
18.04.2008,100
18.04.2008,50
18.04.2008,25
18.04.2008,50
18.04.2008,75
18.04.2008,25
18.04.2008,100
18.04.2008,50
18.04.2008,100
18.04.2008,75
18.04.2008,75
18.04.2008,75
18.04.2008,75
18.04.2008,25
18.04.2008,25
18.04.2008,75
18.04.2008,25
18.04.2008,50
18.04.2008,50
19.04.2008,25
19.04.2008,50
19.04.2008,50
19.04.2008,50
19.04.2008,100
20.04.2008,50
20.04.2008,100
20.04.2008,75
20.04.2008,75
20.04.2008,75
20.04.2008,25
20.04.2008,25
20.04.2008,100
21.04.2008,75
21.04.2008,25
21.04.2008,75
21.04.2008,75
21.04.2008,50
21.04.2008,100
21.04.2008,50
21.04.2008,25
21.04.2008,50
21.04.2008,50
21.04.2008,50
21.04.2008,100
21.04.2008,75
21.04.2008,50
21.04.2008,50
21.04.2008,75
21.04.2008,75
21.04.2008,100
21.04.2008,50
21.04.2008,100
21.04.2008,25
21.04.2008,50
21.04.2008,75
21.04.2008,100
21.04.2008,75
21.04.2008,50
21.04.2008,25
22.04.2008,75
22.04.2008,75
22.04.2008,75
22.04.2008,50
22.04.2008,75
22.04.2008,75
22.04.2008,75
22.04.2008,50
22.04.2008,100
22.04.2008,25
22.04.2008,50
22.04.2008,100
22.04.2008,25
22.04.2008,100
22.04.2008,75
22.04.2008,75
22.04.2008,75
22.04.2008,75
22.04.2008,25
22.04.2008,75
22.04.2008,75
22.04.2008,100
22.04.2008,75
22.04.2008,25
22.04.2008,25
22.04.2008,75
22.04.2008,75
22.04.2008,100
22.04.2008,75
22.04.2008,75
22.04.2008,100
22.04.2008,75
22.04.2008,75
22.04.2008,100
22.04.2008,75
22.04.2008,50
22.04.2008,25
22.04.2008,75
22.04.2008,25
22.04.2008,75
23.04.2008,75
23.04.2008,75
23.04.2008,50
23.04.2008,25
23.04.2008,75
23.04.2008,75
23.04.2008,100
23.04.2008,100
23.04.2008,50
23.04.2008,50
23.04.2008,50
23.04.2008,75
23.04.2008,75
23.04.2008,25
23.04.2008,50
23.04.2008,75
23.04.2008,25
23.04.2008,100
23.04.2008,100
23.04.2008,75
23.04.2008,25
23.04.2008,25
23.04.2008,50
23.04.2008,75
23.04.2008,75
23.04.2008,75
23.04.2008,50
23.04.2008,75
23.04.2008,50
24.04.2008,100
24.04.2008,75
24.04.2008,50
24.04.2008,50
24.04.2008,50
24.04.2008,75
24.04.2008,25
24.04.2008,25
24.04.2008,50
24.04.2008,50
24.04.2008,50
24.04.2008,25
24.04.2008,100
24.04.2008,25
24.04.2008,50
24.04.2008,100
24.04.2008,100
24.04.2008,50
24.04.2008,50
24.04.2008,100
24.04.2008,75
24.04.2008,75
24.04.2008,25
24.04.2008,75
24.04.2008,75
24.04.2008,25
24.04.2008,75
24.04.2008,50
24.04.2008,75
24.04.2008,75
24.04.2008,50
24.04.2008,50
24.04.2008,100
24.04.2008,50
24.04.2008,75
24.04.2008,75
24.04.2008,50
24.04.2008,75
24.04.2008,50
24.04.2008,25
24.04.2008,50
24.04.2008,100
24.04.2008,50
24.04.2008,50
24.04.2008,75
24.04.2008,25
24.04.2008,50
24.04.2008,25
24.04.2008,25
24.04.2008,25
24.04.2008,50
25.04.2008,75
25.04.2008,50
25.04.2008,25
25.04.2008,25
25.04.2008,50
25.04.2008,100
25.04.2008,25
25.04.2008,25
25.04.2008,50
25.04.2008,25
25.04.2008,50
25.04.2008,25
25.04.2008,75
25.04.2008,25
25.04.2008,100
25.04.2008,25
25.04.2008,100
25.04.2008,75
25.04.2008,50
25.04.2008,100
25.04.2008,75
25.04.2008,50
25.04.2008,75
25.04.2008,50
25.04.2008,25
25.04.2008,75
25.04.2008,25
25.04.2008,75
25.04.2008,75
25.04.2008,100
25.04.2008,50
25.04.2008,50
25.04.2008,75
25.04.2008,50
25.04.2008,25
25.04.2008,75
25.04.2008,100
25.04.2008,75
26.04.2008,25
26.04.2008,75
26.04.2008,100
26.04.2008,25
26.04.2008,75
26.04.2008,75
26.04.2008,50
27.04.2008,50
27.04.2008,25
27.04.2008,50
27.04.2008,25
27.04.2008,75
28.04.2008,50
28.04.2008,75
28.04.2008,75
28.04.2008,75
28.04.2008,50
28.04.2008,50
28.04.2008,50
28.04.2008,100
28.04.2008,75
28.04.2008,100
28.04.2008,50
28.04.2008,100
28.04.2008,25
28.04.2008,75
28.04.2008,75
28.04.2008,75
28.04.2008,75
28.04.2008,50
28.04.2008,50
28.04.2008,75
28.04.2008,75
28.04.2008,75
28.04.2008,75
28.04.2008,75
28.04.2008,50
28.04.2008,50
28.04.2008,100
28.04.2008,75
28.04.2008,75
28.04.2008,25
28.04.2008,25
28.04.2008,25
28.04.2008,75
29.04.2008,50
29.04.2008,25
29.04.2008,25
29.04.2008,75
29.04.2008,50
29.04.2008,50
29.04.2008,75
29.04.2008,100
29.04.2008,25
29.04.2008,50
29.04.2008,75
29.04.2008,50
29.04.2008,75
29.04.2008,75
29.04.2008,25
29.04.2008,100
29.04.2008,75
29.04.2008,100
29.04.2008,50
29.04.2008,25
29.04.2008,75
29.04.2008,25
29.04.2008,25
29.04.2008,100
29.04.2008,75
29.04.2008,75
29.04.2008,75
29.04.2008,100
29.04.2008,75
29.04.2008,75
29.04.2008,100
29.04.2008,50
29.04.2008,25
29.04.2008,25
29.04.2008,75
29.04.2008,75
29.04.2008,50
29.04.2008,50
29.04.2008,50
29.04.2008,50
29.04.2008,50
29.04.2008,75
29.04.2008,50
29.04.2008,50
29.04.2008,75
29.04.2008,50
29.04.2008,100
29.04.2008,75
29.04.2008,50
29.04.2008,75
30.04.2008,50
30.04.2008,100
30.04.2008,75
30.04.2008,75
30.04.2008,75
30.04.2008,50
30.04.2008,50
30.04.2008,100
30.04.2008,50
30.04.2008,75
30.04.2008,50
30.04.2008,100
30.04.2008,50
30.04.2008,75
30.04.2008,50
30.04.2008,75
30.04.2008,50
30.04.2008,75
30.04.2008,50
30.04.2008,100
30.04.2008,100
30.04.2008,50
30.04.2008,75
30.04.2008,75
30.04.2008,50
30.04.2008,50
30.04.2008,50
30.04.2008,50
30.04.2008,25
30.04.2008,100
30.04.2008,50
30.04.2008,25
01.05.2008,75
01.05.2008,75
01.05.2008,75
01.05.2008,50
01.05.2008,25
01.05.2008,50
01.05.2008,75
01.05.2008,50
01.05.2008,25
01.05.2008,100
01.05.2008,25
01.05.2008,50
01.05.2008,50
01.05.2008,100
01.05.2008,50
01.05.2008,50
01.05.2008,50
02.05.2008,50
02.05.2008,75
02.05.2008,100
02.05.2008,75
02.05.2008,50
02.05.2008,50
02.05.2008,75
02.05.2008,50
02.05.2008,75
02.05.2008,50
02.05.2008,75
02.05.2008,25
02.05.2008,100
02.05.2008,25
02.05.2008,75
02.05.2008,100
02.05.2008,25
02.05.2008,75
02.05.2008,75
02.05.2008,50
02.05.2008,75
02.05.2008,75
02.05.2008,25
02.05.2008,100
02.05.2008,50
02.05.2008,25
02.05.2008,75
03.05.2008,50
03.05.2008,50
03.05.2008,50
03.05.2008,75
03.05.2008,25
03.05.2008,50
03.05.2008,50
03.05.2008,100
04.05.2008,25
04.05.2008,50
04.05.2008,50
04.05.2008,100
04.05.2008,75
04.05.2008,50
04.05.2008,100
04.05.2008,50
04.05.2008,75
05.05.2008,50
05.05.2008,75
05.05.2008,50
05.05.2008,75
05.05.2008,50
05.05.2008,50
05.05.2008,50
05.05.2008,75
05.05.2008,75
05.05.2008,100
05.05.2008,100
05.05.2008,50
05.05.2008,50
05.05.2008,50
05.05.2008,25
05.05.2008,50
05.05.2008,50
05.05.2008,50
05.05.2008,75
05.05.2008,50
05.05.2008,50
05.05.2008,75
05.05.2008,75
05.05.2008,75
05.05.2008,50
05.05.2008,75
05.05.2008,100
05.05.2008,100
05.05.2008,50
05.05.2008,50
05.05.2008,75
06.05.2008,50
06.05.2008,75
06.05.2008,75
06.05.2008,50
06.05.2008,50
06.05.2008,50
06.05.2008,25
06.05.2008,75
06.05.2008,75
06.05.2008,100
06.05.2008,100
06.05.2008,75
06.05.2008,100
06.05.2008,75
06.05.2008,75
06.05.2008,25
06.05.2008,50
06.05.2008,75
06.05.2008,75
06.05.2008,50
06.05.2008,100
06.05.2008,50
06.05.2008,50
06.05.2008,50
06.05.2008,50
06.05.2008,75
06.05.2008,75
06.05.2008,50
06.05.2008,100
06.05.2008,25
06.05.2008,100
06.05.2008,50
06.05.2008,100
07.05.2008,75
07.05.2008,75
07.05.2008,100
07.05.2008,50
07.05.2008,75
07.05.2008,50
07.05.2008,50
07.05.2008,50
07.05.2008,75
07.05.2008,50
07.05.2008,25
07.05.2008,75
07.05.2008,25
07.05.2008,50
07.05.2008,50
07.05.2008,75
07.05.2008,50
07.05.2008,50
07.05.2008,75
07.05.2008,100
07.05.2008,75
07.05.2008,75
07.05.2008,100
07.05.2008,100
07.05.2008,50
07.05.2008,50
07.05.2008,100
07.05.2008,100
07.05.2008,25
07.05.2008,50
07.05.2008,50
07.05.2008,25
07.05.2008,75
07.05.2008,25
07.05.2008,100
07.05.2008,50
07.05.2008,50
07.05.2008,100
07.05.2008,50
07.05.2008,50
07.05.2008,50
07.05.2008,50
07.05.2008,25
07.05.2008,100
07.05.2008,75
07.05.2008,75
08.05.2008,25
08.05.2008,50
08.05.2008,75
08.05.2008,75
08.05.2008,50
08.05.2008,100
08.05.2008,75
08.05.2008,75
08.05.2008,50
08.05.2008,75
08.05.2008,100
08.05.2008,75
08.05.2008,50
08.05.2008,100
08.05.2008,50
08.05.2008,25
08.05.2008,50
08.05.2008,75
08.05.2008,25
08.05.2008,50
08.05.2008,50
08.05.2008,25
08.05.2008,75
08.05.2008,50
08.05.2008,75
08.05.2008,75
08.05.2008,100
08.05.2008,75
08.05.2008,50
09.05.2008,25
09.05.2008,25
09.05.2008,100
09.05.2008,75
09.05.2008,75
09.05.2008,75
09.05.2008,75
09.05.2008,100
09.05.2008,50
09.05.2008,25
09.05.2008,100
09.05.2008,100
09.05.2008,100
09.05.2008,75
09.05.2008,75
09.05.2008,100
09.05.2008,50
09.05.2008,75
09.05.2008,50
09.05.2008,25
09.05.2008,50
09.05.2008,50
09.05.2008,25
09.05.2008,50
09.05.2008,75
09.05.2008,50
09.05.2008,100
09.05.2008,75
09.05.2008,75
09.05.2008,50
10.05.2008,75
10.05.2008,75
10.05.2008,75
10.05.2008,75
10.05.2008,75
10.05.2008,50
10.05.2008,50
10.05.2008,75
10.05.2008,75
11.05.2008,50
11.05.2008,75
11.05.2008,75
11.05.2008,50
11.05.2008,100
11.05.2008,75
11.05.2008,75
12.05.2008,75
12.05.2008,50
12.05.2008,100
12.05.2008,75
12.05.2008,100
12.05.2008,75
12.05.2008,75
12.05.2008,50
12.05.2008,75
12.05.2008,100
12.05.2008,75
12.05.2008,50
12.05.2008,25
12.05.2008,50
12.05.2008,25
12.05.2008,25
12.05.2008,50
12.05.2008,50
12.05.2008,25
12.05.2008,25
12.05.2008,75
12.05.2008,75
12.05.2008,75
12.05.2008,50
12.05.2008,50
12.05.2008,75
12.05.2008,25
12.05.2008,75
12.05.2008,50
12.05.2008,75
12.05.2008,75
12.05.2008,50
12.05.2008,50
12.05.2008,50
12.05.2008,50
12.05.2008,75
12.05.2008,75
13.05.2008,50
13.05.2008,50
13.05.2008,50
13.05.2008,50
13.05.2008,100
13.05.2008,100
13.05.2008,50
13.05.2008,100
13.05.2008,25
13.05.2008,75
13.05.2008,50
13.05.2008,100
13.05.2008,25
13.05.2008,25
13.05.2008,25
13.05.2008,100
13.05.2008,25
13.05.2008,25
13.05.2008,75
13.05.2008,50
13.05.2008,50
13.05.2008,50
13.05.2008,100
13.05.2008,100
13.05.2008,25
13.05.2008,50
13.05.2008,50
13.05.2008,25
13.05.2008,50
13.05.2008,50
13.05.2008,25
13.05.2008,75
13.05.2008,50
14.05.2008,25
14.05.2008,50
14.05.2008,25
14.05.2008,75
14.05.2008,50
14.05.2008,75
14.05.2008,75
14.05.2008,100
14.05.2008,100
14.05.2008,50
14.05.2008,50
14.05.2008,50
14.05.2008,50
14.05.2008,50
14.05.2008,50
14.05.2008,75
14.05.2008,25
14.05.2008,50
14.05.2008,25
14.05.2008,75
14.05.2008,75
14.05.2008,75
14.05.2008,25
14.05.2008,100
14.05.2008,25
14.05.2008,25
14.05.2008,75
14.05.2008,50
14.05.2008,50
14.05.2008,100
14.05.2008,75
14.05.2008,50
14.05.2008,75
15.05.2008,75
15.05.2008,25
15.05.2008,100
15.05.2008,75
15.05.2008,75
15.05.2008,25
15.05.2008,100
15.05.2008,100
15.05.2008,50
15.05.2008,50
15.05.2008,100
15.05.2008,75
15.05.2008,75
15.05.2008,75
15.05.2008,75
15.05.2008,75
15.05.2008,50
15.05.2008,75
15.05.2008,50
15.05.2008,75
15.05.2008,75
15.05.2008,75
15.05.2008,75
15.05.2008,25
15.05.2008,100
15.05.2008,100
15.05.2008,25
15.05.2008,75
15.05.2008,75
15.05.2008,100
15.05.2008,75
15.05.2008,50
15.05.2008,50
15.05.2008,75
16.05.2008,100
16.05.2008,50
16.05.2008,50
16.05.2008,75
16.05.2008,50
16.05.2008,100
16.05.2008,25
16.05.2008,75
16.05.2008,50
16.05.2008,75
16.05.2008,75
16.05.2008,50
16.05.2008,25
16.05.2008,75
16.05.2008,75
16.05.2008,50
16.05.2008,75
16.05.2008,25
16.05.2008,50
16.05.2008,50
16.05.2008,75
16.05.2008,50
16.05.2008,100
16.05.2008,50
16.05.2008,50
16.05.2008,75
16.05.2008,50
16.05.2008,25
16.05.2008,75
16.05.2008,50
16.05.2008,75
16.05.2008,25
16.05.2008,100
16.05.2008,50
16.05.2008,100
16.05.2008,75
16.05.2008,25
16.05.2008,50
16.05.2008,25
16.05.2008,100
16.05.2008,50
16.05.2008,75
17.05.2008,50
17.05.2008,50
17.05.2008,50
17.05.2008,75
18.05.2008,100
18.05.2008,75
18.05.2008,75
18.05.2008,100
18.05.2008,50
18.05.2008,25
18.05.2008,50
18.05.2008,25
18.05.2008,75
18.05.2008,50
18.05.2008,25
19.05.2008,50
19.05.2008,75
19.05.2008,75
19.05.2008,50
19.05.2008,75
19.05.2008,75
19.05.2008,50
19.05.2008,50
19.05.2008,50
19.05.2008,75
19.05.2008,100
19.05.2008,50
19.05.2008,75
19.05.2008,50
19.05.2008,50
19.05.2008,75
19.05.2008,75
19.05.2008,100
19.05.2008,50
19.05.2008,50
19.05.2008,50
19.05.2008,50
19.05.2008,25
19.05.2008,75
19.05.2008,100
19.05.2008,25
19.05.2008,100
19.05.2008,75
19.05.2008,50
19.05.2008,75
19.05.2008,75
19.05.2008,75
19.05.2008,75
19.05.2008,75
19.05.2008,75
19.05.2008,75
19.05.2008,50
19.05.2008,75
19.05.2008,50
19.05.2008,25
19.05.2008,75
20.05.2008,100
20.05.2008,75
20.05.2008,75
20.05.2008,75
20.05.2008,75
20.05.2008,75
20.05.2008,50
20.05.2008,25
20.05.2008,25
20.05.2008,75
20.05.2008,100
20.05.2008,25
20.05.2008,25
20.05.2008,75
20.05.2008,25
20.05.2008,50
20.05.2008,50
20.05.2008,50
20.05.2008,50
20.05.2008,50
20.05.2008,75
20.05.2008,75
20.05.2008,75
20.05.2008,100
20.05.2008,50
20.05.2008,50
20.05.2008,50
20.05.2008,100
20.05.2008,25
20.05.2008,50
21.05.2008,50
21.05.2008,75
21.05.2008,25
21.05.2008,75
21.05.2008,25
21.05.2008,100
21.05.2008,50
21.05.2008,50
21.05.2008,100
21.05.2008,100
21.05.2008,50
21.05.2008,100
21.05.2008,75
21.05.2008,75
21.05.2008,25
21.05.2008,25
21.05.2008,25
21.05.2008,75
21.05.2008,100
21.05.2008,75
21.05.2008,75
21.05.2008,50
21.05.2008,50
21.05.2008,25
21.05.2008,100
21.05.2008,100
21.05.2008,75
21.05.2008,75
21.05.2008,50
21.05.2008,100
21.05.2008,75
21.05.2008,50
21.05.2008,50
21.05.2008,75
21.05.2008,25
21.05.2008,75
21.05.2008,50
21.05.2008,25
21.05.2008,75
21.05.2008,50
21.05.2008,100
21.05.2008,75
21.05.2008,75
21.05.2008,75
21.05.2008,75
22.05.2008,25
22.05.2008,25
22.05.2008,25
22.05.2008,25
22.05.2008,75
22.05.2008,75
22.05.2008,75
22.05.2008,100
22.05.2008,50
22.05.2008,75
22.05.2008,75
22.05.2008,25
22.05.2008,25
22.05.2008,100
22.05.2008,100
22.05.2008,75
22.05.2008,50
22.05.2008,50
22.05.2008,75
22.05.2008,75
22.05.2008,75
22.05.2008,75
22.05.2008,50
22.05.2008,50
22.05.2008,50
22.05.2008,75
22.05.2008,75
22.05.2008,50
22.05.2008,50
22.05.2008,50
22.05.2008,75
23.05.2008,25
23.05.2008,75
23.05.2008,50
23.05.2008,50
23.05.2008,50
23.05.2008,50
23.05.2008,50
23.05.2008,75
23.05.2008,50
23.05.2008,25
23.05.2008,50
23.05.2008,100
23.05.2008,75
23.05.2008,50
23.05.2008,50
23.05.2008,100
23.05.2008,50
23.05.2008,25
23.05.2008,25
23.05.2008,75
23.05.2008,100
23.05.2008,100
24.05.2008,100
24.05.2008,75
24.05.2008,75
25.05.2008,25
25.05.2008,50
25.05.2008,75
25.05.2008,25
25.05.2008,50
25.05.2008,75
25.05.2008,50
25.05.2008,75
25.05.2008,75
25.05.2008,100
25.05.2008,75
25.05.2008,50
25.05.2008,25
25.05.2008,75
25.05.2008,50
25.05.2008,50
26.05.2008,100
26.05.2008,100
26.05.2008,50
26.05.2008,25
26.05.2008,75
26.05.2008,100
26.05.2008,50
26.05.2008,50
26.05.2008,50
26.05.2008,50
26.05.2008,25
26.05.2008,50
26.05.2008,75
26.05.2008,50
26.05.2008,75
26.05.2008,25
26.05.2008,75
26.05.2008,100
26.05.2008,100
26.05.2008,75
26.05.2008,50
26.05.2008,75
26.05.2008,75
26.05.2008,75
26.05.2008,75
27.05.2008,75
27.05.2008,25
27.05.2008,75
27.05.2008,50
27.05.2008,50
27.05.2008,50
27.05.2008,100
27.05.2008,100
27.05.2008,50
27.05.2008,75
27.05.2008,75
27.05.2008,25
27.05.2008,50
27.05.2008,75
27.05.2008,25
27.05.2008,50
27.05.2008,75
27.05.2008,75
27.05.2008,50
27.05.2008,75
27.05.2008,75
27.05.2008,100
27.05.2008,25
28.05.2008,100
28.05.2008,50
28.05.2008,75
28.05.2008,100
28.05.2008,75
28.05.2008,25
28.05.2008,50
28.05.2008,75
28.05.2008,25
28.05.2008,100
28.05.2008,75
28.05.2008,75
28.05.2008,50
28.05.2008,50
28.05.2008,25
28.05.2008,50
28.05.2008,100
28.05.2008,50
28.05.2008,50
28.05.2008,50
28.05.2008,100
28.05.2008,50
28.05.2008,50
28.05.2008,75
28.05.2008,50
28.05.2008,25
28.05.2008,75
28.05.2008,25
28.05.2008,25
28.05.2008,50
28.05.2008,25
28.05.2008,75
28.05.2008,100
28.05.2008,25
28.05.2008,75
28.05.2008,25
28.05.2008,75
28.05.2008,50
28.05.2008,75
28.05.2008,50
28.05.2008,50
29.05.2008,100
29.05.2008,100
29.05.2008,50
29.05.2008,50
29.05.2008,25
29.05.2008,100
29.05.2008,75
29.05.2008,100
29.05.2008,100
29.05.2008,100
29.05.2008,75
29.05.2008,50
29.05.2008,75
29.05.2008,75
29.05.2008,50
29.05.2008,75
29.05.2008,25
29.05.2008,75
29.05.2008,100
29.05.2008,100
29.05.2008,75
29.05.2008,100
29.05.2008,75
29.05.2008,75
29.05.2008,75
29.05.2008,25
29.05.2008,50
29.05.2008,25
29.05.2008,25
29.05.2008,25
29.05.2008,25
29.05.2008,75
29.05.2008,25
29.05.2008,50
29.05.2008,25
29.05.2008,100
30.05.2008,75
30.05.2008,50
30.05.2008,75
30.05.2008,100
30.05.2008,25
30.05.2008,50
30.05.2008,50
30.05.2008,50
30.05.2008,100
30.05.2008,25
30.05.2008,50
30.05.2008,100
30.05.2008,75
30.05.2008,50
30.05.2008,75
30.05.2008,50
30.05.2008,75
30.05.2008,50
30.05.2008,50
30.05.2008,75
30.05.2008,100
30.05.2008,25
30.05.2008,50
30.05.2008,25
30.05.2008,25
30.05.2008,25
30.05.2008,75
30.05.2008,75
30.05.2008,50
30.05.2008,25
30.05.2008,75
30.05.2008,75
30.05.2008,50
30.05.2008,75
30.05.2008,50
30.05.2008,25
30.05.2008,50
30.05.2008,25
30.05.2008,50
30.05.2008,50
30.05.2008,50
30.05.2008,50
30.05.2008,100
30.05.2008,100
30.05.2008,50
30.05.2008,100
31.05.2008,100
31.05.2008,75
31.05.2008,25
31.05.2008,75
01.06.2008,100
01.06.2008,50
01.06.2008,50
01.06.2008,50
01.06.2008,50
01.06.2008,50
02.06.2008,100
02.06.2008,100
02.06.2008,75
02.06.2008,25
02.06.2008,75
02.06.2008,50
02.06.2008,100
02.06.2008,50
02.06.2008,50
02.06.2008,75
02.06.2008,75
02.06.2008,50
02.06.2008,100
02.06.2008,100
02.06.2008,75
02.06.2008,50
02.06.2008,50
02.06.2008,50
02.06.2008,100
02.06.2008,75
02.06.2008,75
02.06.2008,75
02.06.2008,25
02.06.2008,50
02.06.2008,75
02.06.2008,50
02.06.2008,50
02.06.2008,75
02.06.2008,50
02.06.2008,50
02.06.2008,75
02.06.2008,25
02.06.2008,100
02.06.2008,100
02.06.2008,50
02.06.2008,75
03.06.2008,75
03.06.2008,100
03.06.2008,100
03.06.2008,50
03.06.2008,50
03.06.2008,50
03.06.2008,25
03.06.2008,25
03.06.2008,50
03.06.2008,50
03.06.2008,75
03.06.2008,50
03.06.2008,75
03.06.2008,50
03.06.2008,50
03.06.2008,50
03.06.2008,75
03.06.2008,75
03.06.2008,25
03.06.2008,75
03.06.2008,75
03.06.2008,50
03.06.2008,75
03.06.2008,75
03.06.2008,100
03.06.2008,50
03.06.2008,25
03.06.2008,50
03.06.2008,75
03.06.2008,50
03.06.2008,25
03.06.2008,50
03.06.2008,50
04.06.2008,25
04.06.2008,75
04.06.2008,75
04.06.2008,100
04.06.2008,50
04.06.2008,100
04.06.2008,50
04.06.2008,50
04.06.2008,100
04.06.2008,75
04.06.2008,50
04.06.2008,25
04.06.2008,100
04.06.2008,50
04.06.2008,50
04.06.2008,75
04.06.2008,50
04.06.2008,50
04.06.2008,50
04.06.2008,25
04.06.2008,100
04.06.2008,25
04.06.2008,75
04.06.2008,25
04.06.2008,75
04.06.2008,50
04.06.2008,75
04.06.2008,50
04.06.2008,50
04.06.2008,75
04.06.2008,75
04.06.2008,25
04.06.2008,100
04.06.2008,100
04.06.2008,75
04.06.2008,100
04.06.2008,75
04.06.2008,25
04.06.2008,75
04.06.2008,50
04.06.2008,75
05.06.2008,75
05.06.2008,75
05.06.2008,75
05.06.2008,25
05.06.2008,75
05.06.2008,75
05.06.2008,25
05.06.2008,100
05.06.2008,25
05.06.2008,50
05.06.2008,75
05.06.2008,75
05.06.2008,50
05.06.2008,75
05.06.2008,25
05.06.2008,25
05.06.2008,100
05.06.2008,100
05.06.2008,100
05.06.2008,50
05.06.2008,75
05.06.2008,50
05.06.2008,75
05.06.2008,25
05.06.2008,100
05.06.2008,75
05.06.2008,50
05.06.2008,50
05.06.2008,100
05.06.2008,100
05.06.2008,50
05.06.2008,50
05.06.2008,50
05.06.2008,100
05.06.2008,100
05.06.2008,50
05.06.2008,50
05.06.2008,50
05.06.2008,50
05.06.2008,75
05.06.2008,75
05.06.2008,100
05.06.2008,100
05.06.2008,100
05.06.2008,50
06.06.2008,100
06.06.2008,75
06.06.2008,50
06.06.2008,75
06.06.2008,75
06.06.2008,50
06.06.2008,50
06.06.2008,50
06.06.2008,25
06.06.2008,100
06.06.2008,50
06.06.2008,50
06.06.2008,50
06.06.2008,100
06.06.2008,75
06.06.2008,25
06.06.2008,25
06.06.2008,100
06.06.2008,75
06.06.2008,50
06.06.2008,75
06.06.2008,75
06.06.2008,75
06.06.2008,75
06.06.2008,50
06.06.2008,50
06.06.2008,50
06.06.2008,100
07.06.2008,100
07.06.2008,75
07.06.2008,75
07.06.2008,75
07.06.2008,50
07.06.2008,75
07.06.2008,100
08.06.2008,100
08.06.2008,25
08.06.2008,25
08.06.2008,100
08.06.2008,75
08.06.2008,50
08.06.2008,75
08.06.2008,50
08.06.2008,100
09.06.2008,50
09.06.2008,100
09.06.2008,75
09.06.2008,50
09.06.2008,75
09.06.2008,75
09.06.2008,100
09.06.2008,75
09.06.2008,50
09.06.2008,50
09.06.2008,50
09.06.2008,75
09.06.2008,100
09.06.2008,25
09.06.2008,75
09.06.2008,75
09.06.2008,50
09.06.2008,25
09.06.2008,50
09.06.2008,50
09.06.2008,100
09.06.2008,50
09.06.2008,75
09.06.2008,50
09.06.2008,50
09.06.2008,25
09.06.2008,25
09.06.2008,25
09.06.2008,75
09.06.2008,50
09.06.2008,100
09.06.2008,75
09.06.2008,25
09.06.2008,50
09.06.2008,50
09.06.2008,75
09.06.2008,50
09.06.2008,50
09.06.2008,75
09.06.2008,75
09.06.2008,50
09.06.2008,25
09.06.2008,75
09.06.2008,50
09.06.2008,75
09.06.2008,50
10.06.2008,75
10.06.2008,75
10.06.2008,50
10.06.2008,75
10.06.2008,25
10.06.2008,50
10.06.2008,75
10.06.2008,50
10.06.2008,50
10.06.2008,50
10.06.2008,50
10.06.2008,50
10.06.2008,50
10.06.2008,75
10.06.2008,25
10.06.2008,50
10.06.2008,75
10.06.2008,75
10.06.2008,25
10.06.2008,50
10.06.2008,100
10.06.2008,50
10.06.2008,50
10.06.2008,75
10.06.2008,25
10.06.2008,50
10.06.2008,100
10.06.2008,75
10.06.2008,25
10.06.2008,75
10.06.2008,100
10.06.2008,100
10.06.2008,50
10.06.2008,100
10.06.2008,100
10.06.2008,75
11.06.2008,75
11.06.2008,50
11.06.2008,50
11.06.2008,50
11.06.2008,75
11.06.2008,25
11.06.2008,50
11.06.2008,50
11.06.2008,75
11.06.2008,50
11.06.2008,100
11.06.2008,75
11.06.2008,100
11.06.2008,50
11.06.2008,100
11.06.2008,50
11.06.2008,50
11.06.2008,50
11.06.2008,50
11.06.2008,50
11.06.2008,100
11.06.2008,75
11.06.2008,50
11.06.2008,100
11.06.2008,75
11.06.2008,75
11.06.2008,75
11.06.2008,75
11.06.2008,50
11.06.2008,25
11.06.2008,75
11.06.2008,50
11.06.2008,50
11.06.2008,100
11.06.2008,50
11.06.2008,100
11.06.2008,100
11.06.2008,50
11.06.2008,100
11.06.2008,75
11.06.2008,50
11.06.2008,75
11.06.2008,25
11.06.2008,25
11.06.2008,75
11.06.2008,75
11.06.2008,75
11.06.2008,25
11.06.2008,50
11.06.2008,75
11.06.2008,100
11.06.2008,25
12.06.2008,50
12.06.2008,25
12.06.2008,100
12.06.2008,75
12.06.2008,75
12.06.2008,75
12.06.2008,75
12.06.2008,50
12.06.2008,25
12.06.2008,100
12.06.2008,75
12.06.2008,100
12.06.2008,75
12.06.2008,50
12.06.2008,50
12.06.2008,100
12.06.2008,50
12.06.2008,50
12.06.2008,100
12.06.2008,25
12.06.2008,25
12.06.2008,75
12.06.2008,100
12.06.2008,100
12.06.2008,100
12.06.2008,100
12.06.2008,75
12.06.2008,50
12.06.2008,75
12.06.2008,50
13.06.2008,50
13.06.2008,25
13.06.2008,75
13.06.2008,100
13.06.2008,50
13.06.2008,100
13.06.2008,50
13.06.2008,50
13.06.2008,75
13.06.2008,50
13.06.2008,100
13.06.2008,75
13.06.2008,25
13.06.2008,75
13.06.2008,50
13.06.2008,75
13.06.2008,25
13.06.2008,50
13.06.2008,75
13.06.2008,50
13.06.2008,50
13.06.2008,50
13.06.2008,50
13.06.2008,50
13.06.2008,100
13.06.2008,50
13.06.2008,75
13.06.2008,75
14.06.2008,25
14.06.2008,100
14.06.2008,75
14.06.2008,50
14.06.2008,25
14.06.2008,25
14.06.2008,25
14.06.2008,25
14.06.2008,50
14.06.2008,75
15.06.2008,50
15.06.2008,100
15.06.2008,75
15.06.2008,75
15.06.2008,100
15.06.2008,75
15.06.2008,50
15.06.2008,100
15.06.2008,75
15.06.2008,100
16.06.2008,50
16.06.2008,25
16.06.2008,50
16.06.2008,50
16.06.2008,75
16.06.2008,25
16.06.2008,100
16.06.2008,75
16.06.2008,25
16.06.2008,50
16.06.2008,25
16.06.2008,50
16.06.2008,50
16.06.2008,25
16.06.2008,75
16.06.2008,75
16.06.2008,75
16.06.2008,75
16.06.2008,50
16.06.2008,75
16.06.2008,75
16.06.2008,100
16.06.2008,100
16.06.2008,100
16.06.2008,25
16.06.2008,25
16.06.2008,50
16.06.2008,50
16.06.2008,50
16.06.2008,75
16.06.2008,75
16.06.2008,50
16.06.2008,100
16.06.2008,75
16.06.2008,75
16.06.2008,75
16.06.2008,100
16.06.2008,25
16.06.2008,50
17.06.2008,25
17.06.2008,100
17.06.2008,50
17.06.2008,100
17.06.2008,75
17.06.2008,75
17.06.2008,25
17.06.2008,50
17.06.2008,50
17.06.2008,75
17.06.2008,75
17.06.2008,50
17.06.2008,100
17.06.2008,50
17.06.2008,100
17.06.2008,50
17.06.2008,75
17.06.2008,75
17.06.2008,50
17.06.2008,50
17.06.2008,50
17.06.2008,75
17.06.2008,100
17.06.2008,100
17.06.2008,75
17.06.2008,25
17.06.2008,25
17.06.2008,75
17.06.2008,75
17.06.2008,75
17.06.2008,75
17.06.2008,25
17.06.2008,50
17.06.2008,100
17.06.2008,50
17.06.2008,50
17.06.2008,75
17.06.2008,75
17.06.2008,75
18.06.2008,50
18.06.2008,100
18.06.2008,75
18.06.2008,25
18.06.2008,75
18.06.2008,50
18.06.2008,50
18.06.2008,75
18.06.2008,75
18.06.2008,75
18.06.2008,100
18.06.2008,75
18.06.2008,50
18.06.2008,50
18.06.2008,25
18.06.2008,25
18.06.2008,75
18.06.2008,50
18.06.2008,75
18.06.2008,50
18.06.2008,100
18.06.2008,75
18.06.2008,75
18.06.2008,25
18.06.2008,75
18.06.2008,75
18.06.2008,50
18.06.2008,25
18.06.2008,50
18.06.2008,50
18.06.2008,50
18.06.2008,50
18.06.2008,75
18.06.2008,75
18.06.2008,50
18.06.2008,100
18.06.2008,25
18.06.2008,50
18.06.2008,50
18.06.2008,75
18.06.2008,50
18.06.2008,50
18.06.2008,100
18.06.2008,75
18.06.2008,100
18.06.2008,100
18.06.2008,50
18.06.2008,75
18.06.2008,100
18.06.2008,100
18.06.2008,75
19.06.2008,75
19.06.2008,100
19.06.2008,50
19.06.2008,25
19.06.2008,75
19.06.2008,75
19.06.2008,100
19.06.2008,75
19.06.2008,25
19.06.2008,50
19.06.2008,100
19.06.2008,75
19.06.2008,25
19.06.2008,75
19.06.2008,75
19.06.2008,100
19.06.2008,50
19.06.2008,25
19.06.2008,50
19.06.2008,50
19.06.2008,100
19.06.2008,75
19.06.2008,100
19.06.2008,25
19.06.2008,75
19.06.2008,50
19.06.2008,75
19.06.2008,75
19.06.2008,75
19.06.2008,75
19.06.2008,75
19.06.2008,75
19.06.2008,75
19.06.2008,50
19.06.2008,75
19.06.2008,50
19.06.2008,50
19.06.2008,25
19.06.2008,100
20.06.2008,25
20.06.2008,100
20.06.2008,75
20.06.2008,50
20.06.2008,50
20.06.2008,75
20.06.2008,75
20.06.2008,50
20.06.2008,100
20.06.2008,100
20.06.2008,75
20.06.2008,100
20.06.2008,50
20.06.2008,25
20.06.2008,75
20.06.2008,25
20.06.2008,75
20.06.2008,100
20.06.2008,75
20.06.2008,75
20.06.2008,75
20.06.2008,75
20.06.2008,50
20.06.2008,100
20.06.2008,75
20.06.2008,75
20.06.2008,100
20.06.2008,75
20.06.2008,100
20.06.2008,100
20.06.2008,75
20.06.2008,100
20.06.2008,75
20.06.2008,50
20.06.2008,25
20.06.2008,50
20.06.2008,25
20.06.2008,50
20.06.2008,50
20.06.2008,50
20.06.2008,25
20.06.2008,50
20.06.2008,50
20.06.2008,25
20.06.2008,50
20.06.2008,75
20.06.2008,50
20.06.2008,100
20.06.2008,75
20.06.2008,75
20.06.2008,75
20.06.2008,50
20.06.2008,50
20.06.2008,25
20.06.2008,50
20.06.2008,75
21.06.2008,75
21.06.2008,75
21.06.2008,25
21.06.2008,50
21.06.2008,100
21.06.2008,75
21.06.2008,50
21.06.2008,50
21.06.2008,50
22.06.2008,50
22.06.2008,50
22.06.2008,50
22.06.2008,25
22.06.2008,50
22.06.2008,50
22.06.2008,25
22.06.2008,100
23.06.2008,100
23.06.2008,50
23.06.2008,25
23.06.2008,50
23.06.2008,50
23.06.2008,25
23.06.2008,75
23.06.2008,75
23.06.2008,100
23.06.2008,100
23.06.2008,50
23.06.2008,25
23.06.2008,75
23.06.2008,100
23.06.2008,75
23.06.2008,75
23.06.2008,100
23.06.2008,50
23.06.2008,50
23.06.2008,50
23.06.2008,50
23.06.2008,50
23.06.2008,50
23.06.2008,75
23.06.2008,75
23.06.2008,50
23.06.2008,100
23.06.2008,50
23.06.2008,50
23.06.2008,75
23.06.2008,75
23.06.2008,25
23.06.2008,100
23.06.2008,50
23.06.2008,50
23.06.2008,50
23.06.2008,25
23.06.2008,75
24.06.2008,25
24.06.2008,75
24.06.2008,25
24.06.2008,50
24.06.2008,25
24.06.2008,75
24.06.2008,50
24.06.2008,75
24.06.2008,100
24.06.2008,50
24.06.2008,100
24.06.2008,75
24.06.2008,50
24.06.2008,25
24.06.2008,50
24.06.2008,75
24.06.2008,25
24.06.2008,50
24.06.2008,100
24.06.2008,75
24.06.2008,50
24.06.2008,100
24.06.2008,50
24.06.2008,50
